Group,Method,Window,case,Draft_RAG,DraftMap,Precision_Budget_KERNEL,Q_EXEC,K_STORAGE,K_EXEC,V_STORAGE,V_EXEC,GPU_KV_GiB,CPU_KV_GiB,Additional_GPU_Draft_GiB,CPU_DRAFT_GiB,Draft_H2D_bytes,Full_KV_H2D_bytes,DINO,SSIM,PSNR,LPIPS,Latency_s,Video_frames,FPS,Protocol
11,LongLive + Draft Attention,12,case_01,YES,YES,BF16 100%,BF16,BF16,BF16,BF16,BF16,3.2135009765625,28.9215087890625,0.23174285888671875,0.0,0,NA,0.8704057931900024,0.16780534590190996,8.041772074972815,NOT_AVAILABLE,NOT_AVAILABLE,474,16/1,frame 0 vs frame 237
11,LongLive + Draft Attention,12,case_02,YES,YES,BF16 100%,BF16,BF16,BF16,BF16,BF16,3.2135009765625,28.9215087890625,0.23174285888671875,0.0,0,NA,0.6068481206893921,0.29671042109157414,9.054797514808005,NOT_AVAILABLE,NOT_AVAILABLE,474,16/1,frame 0 vs frame 237
11,LongLive + Draft Attention,12,case_03,YES,YES,BF16 100%,BF16,BF16,BF16,BF16,BF16,3.2135009765625,28.9215087890625,0.23174285888671875,0.0,0,NA,0.8344606161117554,0.5704220676324063,10.321956999248204,NOT_AVAILABLE,NOT_AVAILABLE,474,16/1,frame 0 vs frame 237
11,LongLive + Draft Attention,12,case_04,YES,YES,BF16 100%,BF16,BF16,BF16,BF16,BF16,3.2135009765625,28.9215087890625,0.23174285888671875,0.0,0,NA,0.8720764517784119,0.23382866491846546,10.628387476389909,NOT_AVAILABLE,222.554039602,474,16/1,frame 0 vs frame 237
11,LongLive + Draft Attention,12,case_05,YES,YES,BF16 100%,BF16,BF16,BF16,BF16,BF16,3.2135009765625,28.9215087890625,0.23174285888671875,0.0,0,NA,0.9304408431053162,0.5089644319144168,12.827660267981276,NOT_AVAILABLE,222.265652621,474,16/1,frame 0 vs frame 237
11,LongLive + Draft Attention,12,case_06,YES,YES,BF16 100%,BF16,BF16,BF16,BF16,BF16,3.2135009765625,28.9215087890625,0.23174285888671875,0.0,0,NA,0.9088252782821655,0.23841609712638992,9.37323564811817,NOT_AVAILABLE,219.488601195,474,16/1,frame 0 vs frame 237
11,LongLive + Draft Attention,12,case_07,YES,YES,BF16 100%,BF16,BF16,BF16,BF16,BF16,3.2135009765625,28.9215087890625,0.23174285888671875,0.0,0,NA,0.889803409576416,0.4275049853420791,12.291489942538652,NOT_AVAILABLE,219.484844214,474,16/1,frame 0 vs frame 237
11,LongLive + Draft Attention,12,case_08,YES,YES,BF16 100%,BF16,BF16,BF16,BF16,BF16,3.2135009765625,28.9215087890625,0.23174285888671875,0.0,0,NA,0.8380672931671143,0.3963463465919932,12.574108159898596,NOT_AVAILABLE,221.728318619,474,16/1,frame 0 vs frame 237
11,LongLive + Draft Attention,12,case_09,YES,YES,BF16 100%,BF16,BF16,BF16,BF16,BF16,3.2135009765625,28.9215087890625,0.23174285888671875,0.0,0,NA,0.8206889629364014,0.6628546776033963,13.35865637601618,NOT_AVAILABLE,221.7526832,474,16/1,frame 0 vs frame 237
11,LongLive + Draft Attention,12,case_10,YES,YES,BF16 100%,BF16,BF16,BF16,BF16,BF16,3.2135009765625,28.9215087890625,0.23174285888671875,0.0,0,NA,0.7198461294174194,0.2159880005587805,9.290616597075045,NOT_AVAILABLE,204.8049151,474,16/1,frame 0 vs frame 237
