layer_id,history_chunk_id,first_fetch_global_call,last_fetch_global_call,fetch_count,total_bytes,cumulative_host_ms,consecutive_reuses,denoising_step,note
0,0,0,30090,174,1667727360,5.340280011296272,0,NOT_AVAILABLE,step IDs not attached
0,1,151,30091,169,1619804160,4.3558478355407715,0,NOT_AVAILABLE,step IDs not attached
0,2,153,2374,10,95846400,0.23908354341983795,0,NOT_AVAILABLE,step IDs not attached
0,3,152,30092,169,1619804160,3.9807595312595367,0,NOT_AVAILABLE,step IDs not attached
0,4,754,1474,5,47923200,0.11870637536048889,0,NOT_AVAILABLE,step IDs not attached
0,5,755,2195,6,57507840,0.1369677484035492,0,NOT_AVAILABLE,step IDs not attached
0,6,1114,1294,2,19169280,0.04223547875881195,0,NOT_AVAILABLE,step IDs not attached
0,7,1654,30093,69,661340160,1.5166215598583221,0,NOT_AVAILABLE,step IDs not attached
0,8,1835,2015,2,19169280,0.04148390144109726,0,NOT_AVAILABLE,step IDs not attached
0,9,1653,30094,105,1006387200,2.396548166871071,0,NOT_AVAILABLE,step IDs not attached
0,10,2555,3995,7,67092480,0.15807803720235825,0,NOT_AVAILABLE,step IDs not attached
0,12,2554,14075,9,86261760,0.24462491273880005,0,NOT_AVAILABLE,step IDs not attached
0,13,4174,29375,8,76677120,0.22256001830101013,0,NOT_AVAILABLE,step IDs not attached
0,15,3453,28474,28,268369920,0.7440904155373573,0,NOT_AVAILABLE,step IDs not attached
0,16,4715,4715,1,9584640,0.021424144506454468,0,NOT_AVAILABLE,step IDs not attached
0,17,4895,4895,1,9584640,0.021202489733695984,0,NOT_AVAILABLE,step IDs not attached
0,19,5253,30095,136,1303511040,3.1345300376415253,0,NOT_AVAILABLE,step IDs not attached
0,22,6154,7055,3,28753920,0.07001031190156937,0,NOT_AVAILABLE,step IDs not attached
0,25,7053,29734,78,747601920,1.9849548116326332,0,NOT_AVAILABLE,step IDs not attached
0,34,9755,29555,27,258785280,0.6372127681970596,0,NOT_AVAILABLE,step IDs not attached
1,0,1,30096,171,1638973440,5.125332623720169,0,NOT_AVAILABLE,step IDs not attached
1,1,155,4181,25,239616000,0.6150361150503159,0,NOT_AVAILABLE,step IDs not attached
1,2,157,3281,19,182108160,0.43350085616111755,0,NOT_AVAILABLE,step IDs not attached
1,3,156,3101,17,162938880,0.38798805326223373,0,NOT_AVAILABLE,step IDs not attached
1,4,758,4180,20,191692800,0.4650978371500969,0,NOT_AVAILABLE,step IDs not attached
1,6,760,1481,5,47923200,0.1234421506524086,0,NOT_AVAILABLE,step IDs not attached
1,7,1659,3459,10,95846400,0.23376382887363434,0,NOT_AVAILABLE,step IDs not attached
1,10,2560,3280,5,47923200,0.11764466762542725,0,NOT_AVAILABLE,step IDs not attached
1,13,3458,5081,7,67092480,0.1635560765862465,0,NOT_AVAILABLE,step IDs not attached
1,14,3640,4900,7,67092480,0.16308855265378952,0,NOT_AVAILABLE,step IDs not attached
1,15,3457,5800,14,134184960,0.3289775922894478,0,NOT_AVAILABLE,step IDs not attached
1,16,4358,5981,6,57507840,0.14387723058462143,0,NOT_AVAILABLE,step IDs not attached
1,17,4360,5079,5,47923200,0.11347699910402298,0,NOT_AVAILABLE,step IDs not attached
1,18,4357,5980,10,95846400,0.24912133812904358,0,NOT_AVAILABLE,step IDs not attached
1,19,5259,6881,7,67092480,0.176197849214077,0,NOT_AVAILABLE,step IDs not attached
1,20,5258,6701,8,76677120,0.18159765750169754,0,NOT_AVAILABLE,step IDs not attached
1,21,5257,8500,12,115015680,0.27981679886579514,0,NOT_AVAILABLE,step IDs not attached
1,22,6158,16598,20,191692800,0.4520304501056671,0,NOT_AVAILABLE,step IDs not attached
1,23,6159,22001,13,124600320,0.30159298330545425,0,NOT_AVAILABLE,step IDs not attached
1,24,6157,16421,33,316293120,0.8075861260294914,0,NOT_AVAILABLE,step IDs not attached
1,25,7057,17501,40,383385600,0.9732581675052643,0,NOT_AVAILABLE,step IDs not attached
1,26,7060,30100,57,546324480,1.330563798546791,0,NOT_AVAILABLE,step IDs not attached
1,27,7059,15701,22,210862080,0.5181338638067245,0,NOT_AVAILABLE,step IDs not attached
1,28,8680,15521,4,38338560,0.10650418698787689,0,NOT_AVAILABLE,step IDs not attached
1,33,8860,9400,2,19169280,0.04333723336458206,0,NOT_AVAILABLE,step IDs not attached
1,34,9758,14980,12,115015680,0.30587054789066315,0,NOT_AVAILABLE,step IDs not attached
1,35,9759,30101,39,373800960,0.9298045188188553,0,NOT_AVAILABLE,step IDs not attached
1,36,9757,29201,52,498401280,1.2519648298621178,0,NOT_AVAILABLE,step IDs not attached
1,37,10657,18400,35,335462400,0.8714580908417702,0,NOT_AVAILABLE,step IDs not attached
1,38,13001,13901,3,28753920,0.06343796849250793,0,NOT_AVAILABLE,step IDs not attached
1,40,14081,14081,1,9584640,0.029616989195346832,0,NOT_AVAILABLE,step IDs not attached
1,49,14979,14979,1,9584640,0.029476359486579895,0,NOT_AVAILABLE,step IDs not attached
1,52,15157,23081,18,172523520,0.5094688385725021,0,NOT_AVAILABLE,step IDs not attached
1,53,15158,17679,6,57507840,0.1522814854979515,0,NOT_AVAILABLE,step IDs not attached
1,54,15879,16780,2,19169280,0.07172301411628723,0,NOT_AVAILABLE,step IDs not attached
1,55,16059,17681,3,28753920,0.08045881986618042,0,NOT_AVAILABLE,step IDs not attached
1,57,16061,16781,2,19169280,0.051410868763923645,0,NOT_AVAILABLE,step IDs not attached
1,58,16961,21278,4,38338560,0.1240139827132225,0,NOT_AVAILABLE,step IDs not attached
1,59,17140,17140,1,9584640,0.022104941308498383,0,NOT_AVAILABLE,step IDs not attached
1,60,16958,24161,13,124600320,0.30465051531791687,0,NOT_AVAILABLE,step IDs not attached
1,61,17859,27941,38,364216320,0.9161718189716339,0,NOT_AVAILABLE,step IDs not attached
1,62,17858,30097,69,661340160,1.7194263637065887,0,NOT_AVAILABLE,step IDs not attached
1,63,17857,30099,69,661340160,1.8411008641123772,0,NOT_AVAILABLE,step IDs not attached
1,64,18760,29920,53,507985920,1.2671388685703278,0,NOT_AVAILABLE,step IDs not attached
1,65,19120,27221,7,67092480,0.1518474891781807,0,NOT_AVAILABLE,step IDs not attached
1,73,21820,23620,3,28753920,0.06601400673389435,0,NOT_AVAILABLE,step IDs not attached
1,81,23441,23981,2,19169280,0.04979688674211502,0,NOT_AVAILABLE,step IDs not attached
1,82,24880,25781,2,19169280,0.056298449635505676,0,NOT_AVAILABLE,step IDs not attached
1,85,25061,29381,14,134184960,0.33688638359308243,0,NOT_AVAILABLE,step IDs not attached
1,96,27759,29560,6,57507840,0.15060603618621826,0,NOT_AVAILABLE,step IDs not attached
1,98,28659,30098,8,76677120,0.18843915313482285,0,NOT_AVAILABLE,step IDs not attached
1,99,28660,29921,7,67092480,0.1617753878235817,0,NOT_AVAILABLE,step IDs not attached
2,0,2,641,10,95846400,0.266307033598423,0,NOT_AVAILABLE,step IDs not attached
2,1,159,1486,10,95846400,0.22999010980129242,0,NOT_AVAILABLE,step IDs not attached
2,2,158,28483,37,354631680,1.0514389723539352,0,NOT_AVAILABLE,step IDs not attached
2,3,160,2207,11,105431040,0.27638301253318787,0,NOT_AVAILABLE,step IDs not attached
2,4,762,4187,13,124600320,0.3382517024874687,0,NOT_AVAILABLE,step IDs not attached
2,5,765,4007,12,115015680,0.28771255165338516,0,NOT_AVAILABLE,step IDs not attached
2,6,764,27584,22,210862080,0.5655866116285324,0,NOT_AVAILABLE,step IDs not attached
2,7,1667,2205,3,28753920,0.06679538637399673,0,NOT_AVAILABLE,step IDs not attached
2,8,1664,5087,13,124600320,0.3061974421143532,0,NOT_AVAILABLE,step IDs not attached
2,9,1666,5807,11,105431040,0.27518346905708313,0,NOT_AVAILABLE,step IDs not attached
2,10,2564,4727,8,76677120,0.19492767751216888,0,NOT_AVAILABLE,step IDs not attached
2,11,2744,30105,50,479232000,1.2898407876491547,0,NOT_AVAILABLE,step IDs not attached
2,12,2563,20386,31,297123840,0.7279729470610619,0,NOT_AVAILABLE,step IDs not attached
2,13,3644,16427,13,124600320,0.2843467518687248,0,NOT_AVAILABLE,step IDs not attached
2,14,3462,29925,108,1035141120,2.9812082648277283,0,NOT_AVAILABLE,step IDs not attached
2,15,3463,14626,29,277954560,0.6963489577174187,0,NOT_AVAILABLE,step IDs not attached
2,16,4365,4365,1,9584640,0.023738481104373932,0,NOT_AVAILABLE,step IDs not attached
2,17,4907,4907,1,9584640,0.020852312445640564,0,NOT_AVAILABLE,step IDs not attached
2,18,4363,8687,10,95846400,0.2643633633852005,0,NOT_AVAILABLE,step IDs not attached
2,20,5263,14987,16,153354240,0.4087332636117935,0,NOT_AVAILABLE,step IDs not attached
2,21,5806,5806,1,9584640,0.020791776478290558,0,NOT_AVAILABLE,step IDs not attached
2,23,6165,17506,23,220446720,0.5591670051217079,0,NOT_AVAILABLE,step IDs not attached
2,24,6162,9047,10,95846400,0.23635849356651306,0,NOT_AVAILABLE,step IDs not attached
2,26,7062,16607,47,450478080,1.1767195537686348,0,NOT_AVAILABLE,step IDs not attached
2,27,7247,7247,1,9584640,0.02238526940345764,0,NOT_AVAILABLE,step IDs not attached
2,29,7966,15707,11,105431040,0.2353070303797722,0,NOT_AVAILABLE,step IDs not attached
2,30,7964,11387,6,57507840,0.1487433910369873,0,NOT_AVAILABLE,step IDs not attached
2,32,8862,26684,38,364216320,1.1138953268527985,0,NOT_AVAILABLE,step IDs not attached
2,34,14266,14266,1,9584640,0.022875145077705383,0,NOT_AVAILABLE,step IDs not attached
2,35,9764,21285,35,335462400,0.8746320381760597,0,NOT_AVAILABLE,step IDs not attached
2,36,9766,14447,10,95846400,0.23240409791469574,0,NOT_AVAILABLE,step IDs not attached
2,38,10664,14086,16,153354240,0.4022642970085144,0,NOT_AVAILABLE,step IDs not attached
2,44,12462,21284,19,182108160,0.47096144407987595,0,NOT_AVAILABLE,step IDs not attached
2,45,12467,14443,3,28753920,0.06858725100755692,0,NOT_AVAILABLE,step IDs not attached
2,53,15164,24707,34,325877760,0.8532572537660599,0,NOT_AVAILABLE,step IDs not attached
2,56,16065,21647,17,162938880,0.3891848027706146,0,NOT_AVAILABLE,step IDs not attached
2,57,16066,17326,6,57507840,0.13476889580488205,0,NOT_AVAILABLE,step IDs not attached
2,58,17147,17147,1,9584640,0.023958273231983185,0,NOT_AVAILABLE,step IDs not attached
2,59,16962,22187,15,143769600,0.376945361495018,0,NOT_AVAILABLE,step IDs not attached
2,60,17327,17327,1,9584640,0.02158433198928833,0,NOT_AVAILABLE,step IDs not attached
2,62,17862,30104,62,594247680,1.7133019864559174,0,NOT_AVAILABLE,step IDs not attached
2,63,17864,29927,37,354631680,0.8770562708377838,0,NOT_AVAILABLE,step IDs not attached
2,64,18944,21827,4,38338560,0.0940496101975441,0,NOT_AVAILABLE,step IDs not attached
2,65,18763,30106,36,345047040,0.8561024442315102,0,NOT_AVAILABLE,step IDs not attached
2,66,19127,19847,2,19169280,0.0425875186920166,0,NOT_AVAILABLE,step IDs not attached
2,71,20563,29565,48,460062720,1.2079710140824318,0,NOT_AVAILABLE,step IDs not attached
2,74,21464,29387,9,86261760,0.2231290563941002,0,NOT_AVAILABLE,step IDs not attached
2,75,21466,21466,1,9584640,0.0218050554394722,0,NOT_AVAILABLE,step IDs not attached
2,77,22362,29563,30,287539200,0.837394967675209,0,NOT_AVAILABLE,step IDs not attached
2,78,22364,29564,18,172523520,0.46591926366090775,0,NOT_AVAILABLE,step IDs not attached
2,83,24166,30107,23,220446720,0.5504004657268524,0,NOT_AVAILABLE,step IDs not attached
2,86,25063,30102,29,277954560,0.8407421410083771,0,NOT_AVAILABLE,step IDs not attached
2,98,28844,30103,6,57507840,0.14024041593074799,0,NOT_AVAILABLE,step IDs not attached
3,0,3,645,10,95846400,0.26869866997003555,0,NOT_AVAILABLE,step IDs not attached
3,1,163,2933,18,172523520,0.4360442981123924,0,NOT_AVAILABLE,step IDs not attached
3,2,164,1493,10,95846400,0.2661878243088722,0,NOT_AVAILABLE,step IDs not attached
3,3,162,20392,46,440893440,1.1135246604681015,0,NOT_AVAILABLE,step IDs not attached
3,4,768,30110,147,1408942080,4.151001572608948,0,NOT_AVAILABLE,step IDs not attached
3,5,771,1853,6,57507840,0.13980921357870102,0,NOT_AVAILABLE,step IDs not attached
3,6,772,1492,5,47923200,0.11331774294376373,0,NOT_AVAILABLE,step IDs not attached
3,7,1669,28673,52,498401280,1.2675672769546509,0,NOT_AVAILABLE,step IDs not attached
3,8,1673,2393,4,38338560,0.09488873183727264,0,NOT_AVAILABLE,step IDs not attached
3,9,1672,3292,9,86261760,0.21951645612716675,0,NOT_AVAILABLE,step IDs not attached
3,10,2932,5813,6,57507840,0.14272239059209824,0,NOT_AVAILABLE,step IDs not attached
3,12,2571,6713,15,143769600,0.3573596477508545,0,NOT_AVAILABLE,step IDs not attached
3,13,3472,28311,44,421724160,1.0347776114940643,0,NOT_AVAILABLE,step IDs not attached
3,14,4912,5811,2,19169280,0.04332792013883591,0,NOT_AVAILABLE,step IDs not attached
3,15,3471,5812,11,105431040,0.25725364685058594,0,NOT_AVAILABLE,step IDs not attached
3,16,5993,5993,1,9584640,0.03245100378990173,0,NOT_AVAILABLE,step IDs not attached
3,17,5092,5092,1,9584640,0.028003938496112823,0,NOT_AVAILABLE,step IDs not attached
3,18,4373,5992,3,28753920,0.07830187678337097,0,NOT_AVAILABLE,step IDs not attached
3,19,5272,6892,6,57507840,0.14923419803380966,0,NOT_AVAILABLE,step IDs not attached
3,21,5270,5991,4,38338560,0.0955779105424881,0,NOT_AVAILABLE,step IDs not attached
3,22,6170,15713,32,306708480,0.7816283032298088,0,NOT_AVAILABLE,step IDs not attached
3,23,6173,25793,33,316293120,0.8744960650801659,0,NOT_AVAILABLE,step IDs not attached
3,24,6172,14813,16,153354240,0.3791414201259613,0,NOT_AVAILABLE,step IDs not attached
3,25,7069,18412,48,460062720,1.185947097837925,0,NOT_AVAILABLE,step IDs not attached
3,27,7071,14272,16,153354240,0.3774091601371765,0,NOT_AVAILABLE,step IDs not attached
3,28,7973,13192,7,67092480,0.19448436796665192,0,NOT_AVAILABLE,step IDs not attached
3,30,8693,16073,5,47923200,0.13673678040504456,0,NOT_AVAILABLE,step IDs not attached
3,31,8869,23991,25,239616000,0.6725480780005455,0,NOT_AVAILABLE,step IDs not attached
3,34,9952,10313,3,28753920,0.07146131247282028,0,NOT_AVAILABLE,step IDs not attached
3,36,10133,13910,7,67092480,0.17489399760961533,0,NOT_AVAILABLE,step IDs not attached
3,37,10669,28492,47,450478080,1.260402612388134,0,NOT_AVAILABLE,step IDs not attached
3,45,12651,14453,4,38338560,0.0888993963599205,0,NOT_AVAILABLE,step IDs not attached
3,46,13370,18773,12,115015680,0.28822291642427444,0,NOT_AVAILABLE,step IDs not attached
3,49,18592,18592,1,9584640,0.027594156563282013,0,NOT_AVAILABLE,step IDs not attached
3,51,14450,30113,21,201277440,0.5060974508523941,0,NOT_AVAILABLE,step IDs not attached
3,52,15172,30111,47,450478080,1.201387494802475,0,NOT_AVAILABLE,step IDs not attached
3,53,15533,20211,3,28753920,0.06682612001895905,0,NOT_AVAILABLE,step IDs not attached
3,56,16613,16613,1,9584640,0.024127773940563202,0,NOT_AVAILABLE,step IDs not attached
3,57,16071,24712,16,153354240,0.37962663918733597,0,NOT_AVAILABLE,step IDs not attached
3,58,16969,29753,59,565493760,1.5184152871370316,0,NOT_AVAILABLE,step IDs not attached
3,60,17332,29213,5,47923200,0.10768603533506393,0,NOT_AVAILABLE,step IDs not attached
3,63,19132,19311,2,19169280,0.04358682781457901,0,NOT_AVAILABLE,step IDs not attached
3,66,18770,29933,28,268369920,0.6386004388332367,0,NOT_AVAILABLE,step IDs not attached
3,67,19668,29930,47,450478080,1.3189418241381645,0,NOT_AVAILABLE,step IDs not attached
3,69,19672,23453,4,38338560,0.08889101445674896,0,NOT_AVAILABLE,step IDs not attached
3,70,20570,30109,54,517570560,1.4568576589226723,0,NOT_AVAILABLE,step IDs not attached
3,71,21111,30112,8,76677120,0.1843208447098732,0,NOT_AVAILABLE,step IDs not attached
3,72,20571,30108,51,488816640,1.2671854346990585,0,NOT_AVAILABLE,step IDs not attached
3,73,21833,29393,4,38338560,0.09889621287584305,0,NOT_AVAILABLE,step IDs not attached
3,102,29572,29931,3,28753920,0.06730668246746063,0,NOT_AVAILABLE,step IDs not attached
4,0,4,649,10,95846400,0.2641649916768074,0,NOT_AVAILABLE,step IDs not attached
4,1,166,26339,29,277954560,0.7031168788671494,0,NOT_AVAILABLE,step IDs not attached
4,2,168,30117,42,402554880,0.9414823725819588,0,NOT_AVAILABLE,step IDs not attached
4,3,167,30115,47,450478080,1.1508287861943245,0,NOT_AVAILABLE,step IDs not attached
4,4,774,29759,74,709263360,1.8309056758880615,0,NOT_AVAILABLE,step IDs not attached
4,5,778,30114,30,287539200,0.8010882884263992,0,NOT_AVAILABLE,step IDs not attached
4,6,779,1499,5,47923200,0.11465977877378464,0,NOT_AVAILABLE,step IDs not attached
4,7,1675,6897,21,201277440,0.5405973643064499,0,NOT_AVAILABLE,step IDs not attached
4,9,1679,4018,7,67092480,0.16371533274650574,0,NOT_AVAILABLE,step IDs not attached
4,10,3299,3299,1,9584640,0.028625130653381348,0,NOT_AVAILABLE,step IDs not attached
4,12,2578,28319,9,86261760,0.21029915660619736,0,NOT_AVAILABLE,step IDs not attached
4,13,3477,5638,11,105431040,0.25421008467674255,0,NOT_AVAILABLE,step IDs not attached
4,14,4739,30119,6,57507840,0.1331903040409088,0,NOT_AVAILABLE,step IDs not attached
4,15,3476,22018,30,287539200,0.7671061903238297,0,NOT_AVAILABLE,step IDs not attached
4,16,4376,6898,4,38338560,0.11250562965869904,0,NOT_AVAILABLE,step IDs not attached
4,18,4377,5999,7,67092480,0.16480498015880585,0,NOT_AVAILABLE,step IDs not attached
4,19,5274,28497,35,335462400,0.9860042482614517,0,NOT_AVAILABLE,step IDs not attached
4,21,5275,17339,43,412139520,1.006370410323143,0,NOT_AVAILABLE,step IDs not attached
4,22,6174,29575,71,680509440,1.9343234598636627,0,NOT_AVAILABLE,step IDs not attached
4,23,6539,30118,32,306708480,0.7258215919137001,0,NOT_AVAILABLE,step IDs not attached
4,24,6178,29039,51,488816640,1.2024985626339912,0,NOT_AVAILABLE,step IDs not attached
4,25,7075,29577,54,517570560,1.4434866607189178,0,NOT_AVAILABLE,step IDs not attached
4,27,7074,30116,119,1140572160,3.1984467059373856,0,NOT_AVAILABLE,step IDs not attached
4,28,8699,14999,2,19169280,0.056558288633823395,0,NOT_AVAILABLE,step IDs not attached
4,30,7979,15359,4,38338560,0.08694548159837723,0,NOT_AVAILABLE,step IDs not attached
4,31,8877,29579,45,431308800,1.340426504611969,0,NOT_AVAILABLE,step IDs not attached
4,33,9058,13739,12,115015680,0.27695298194885254,0,NOT_AVAILABLE,step IDs not attached
4,34,10499,26699,19,182108160,0.5345437675714493,0,NOT_AVAILABLE,step IDs not attached
4,35,13919,13919,1,9584640,0.022465363144874573,0,NOT_AVAILABLE,step IDs not attached
4,36,9955,29938,38,364216320,0.9832326322793961,0,NOT_AVAILABLE,step IDs not attached
4,45,13737,13737,1,9584640,0.02155359834432602,0,NOT_AVAILABLE,step IDs not attached
4,57,16256,29935,40,383385600,1.0235030204057693,0,NOT_AVAILABLE,step IDs not attached
4,58,17159,26879,7,67092480,0.15295203775167465,0,NOT_AVAILABLE,step IDs not attached
4,63,19139,24539,2,19169280,0.04405993968248367,0,NOT_AVAILABLE,step IDs not attached
4,66,18774,29937,37,354631680,0.9044790640473366,0,NOT_AVAILABLE,step IDs not attached
4,67,19674,29758,39,373800960,1.0378509759902954,0,NOT_AVAILABLE,step IDs not attached
4,69,19858,23459,3,28753920,0.06764661520719528,0,NOT_AVAILABLE,step IDs not attached
4,70,24899,29397,4,38338560,0.12601539492607117,0,NOT_AVAILABLE,step IDs not attached
4,72,22559,29939,14,134184960,0.3104172646999359,0,NOT_AVAILABLE,step IDs not attached
4,85,29398,29398,1,9584640,0.02734363079071045,0,NOT_AVAILABLE,step IDs not attached
4,102,29756,29934,2,19169280,0.05394499748945236,0,NOT_AVAILABLE,step IDs not attached
5,0,5,653,10,95846400,0.2630744129419327,0,NOT_AVAILABLE,step IDs not attached
5,1,170,30125,79,757186560,1.8191225826740265,0,NOT_AVAILABLE,step IDs not attached
5,2,171,14825,24,230031360,0.5669398233294487,0,NOT_AVAILABLE,step IDs not attached
5,3,172,2225,14,134184960,0.31307898461818695,0,NOT_AVAILABLE,step IDs not attached
5,4,780,28504,98,939294720,2.5337226688861847,0,NOT_AVAILABLE,step IDs not attached
5,5,785,2224,7,67092480,0.16107317060232162,0,NOT_AVAILABLE,step IDs not attached
5,6,783,2405,6,57507840,0.14825351536273956,0,NOT_AVAILABLE,step IDs not attached
5,7,1682,3303,5,47923200,0.1242244616150856,0,NOT_AVAILABLE,step IDs not attached
5,9,1683,4024,10,95846400,0.2297721803188324,0,NOT_AVAILABLE,step IDs not attached
5,10,2581,18245,39,373800960,0.9372541680932045,0,NOT_AVAILABLE,step IDs not attached
5,11,3125,4925,2,19169280,0.044588930904865265,0,NOT_AVAILABLE,step IDs not attached
5,12,2583,30122,44,421724160,1.0013636201620102,0,NOT_AVAILABLE,step IDs not attached
5,13,3480,30120,132,1265172480,3.6844247952103615,0,NOT_AVAILABLE,step IDs not attached
5,14,4025,22025,14,134184960,0.30256621539592743,0,NOT_AVAILABLE,step IDs not attached
5,15,3484,30124,38,364216320,0.89261494576931,0,NOT_AVAILABLE,step IDs not attached
5,16,4384,6903,5,47923200,0.13648811727762222,0,NOT_AVAILABLE,step IDs not attached
5,19,5283,9605,10,95846400,0.2822941169142723,0,NOT_AVAILABLE,step IDs not attached
5,22,6180,29764,106,1015971840,2.6523442938923836,0,NOT_AVAILABLE,step IDs not attached
5,25,7080,29943,109,1044725760,3.0912216752767563,0,NOT_AVAILABLE,step IDs not attached
5,28,7985,15004,10,95846400,0.27434900403022766,0,NOT_AVAILABLE,step IDs not attached
5,34,9784,29404,58,555909120,1.4238394796848297,0,NOT_AVAILABLE,step IDs not attached
5,36,13025,13025,1,9584640,0.029996968805789948,0,NOT_AVAILABLE,step IDs not attached
5,37,11404,15905,8,76677120,0.21638069301843643,0,NOT_AVAILABLE,step IDs not attached
5,52,15184,29941,77,738017280,1.9564377143979073,0,NOT_AVAILABLE,step IDs not attached
5,54,24725,27425,2,19169280,0.049598515033721924,0,NOT_AVAILABLE,step IDs not attached
5,55,17705,29405,2,19169280,0.05569774657487869,0,NOT_AVAILABLE,step IDs not attached
5,58,21304,26705,4,38338560,0.13819709420204163,0,NOT_AVAILABLE,step IDs not attached
5,60,17523,30123,15,143769600,0.3435499966144562,0,NOT_AVAILABLE,step IDs not attached
5,61,17884,29944,53,507985920,1.2805098667740822,0,NOT_AVAILABLE,step IDs not attached
5,63,18421,30121,14,134184960,0.35231560468673706,0,NOT_AVAILABLE,step IDs not attached
5,85,25264,29942,13,124600320,0.31103845685720444,0,NOT_AVAILABLE,step IDs not attached
6,0,6,30130,59,565493760,1.377173699438572,0,NOT_AVAILABLE,step IDs not attached
6,1,174,30126,169,1619804160,5.110450088977814,0,NOT_AVAILABLE,step IDs not attached
6,2,176,14831,32,306708480,0.733058899641037,0,NOT_AVAILABLE,step IDs not attached
6,3,177,2411,15,143769600,0.35135820508003235,0,NOT_AVAILABLE,step IDs not attached
6,4,787,30127,164,1571880960,4.324307665228844,0,NOT_AVAILABLE,step IDs not attached
6,6,791,1511,5,47923200,0.11231750249862671,0,NOT_AVAILABLE,step IDs not attached
6,7,1688,28511,42,402554880,1.0817041620612144,0,NOT_AVAILABLE,step IDs not attached
6,10,2589,30131,55,527155200,1.239292323589325,0,NOT_AVAILABLE,step IDs not attached
6,13,3489,30129,75,718848000,1.6783690080046654,0,NOT_AVAILABLE,step IDs not attached
6,16,4388,29771,98,939294720,2.4010660126805305,0,NOT_AVAILABLE,step IDs not attached
6,19,5289,23291,58,555909120,1.362539827823639,0,NOT_AVAILABLE,step IDs not attached
6,22,6191,9070,11,105431040,0.27753692120313644,0,NOT_AVAILABLE,step IDs not attached
6,31,8890,26711,23,220446720,0.604475848376751,0,NOT_AVAILABLE,step IDs not attached
6,34,9791,23111,23,220446720,0.5522305145859718,0,NOT_AVAILABLE,step IDs not attached
6,49,14470,14649,2,19169280,0.044830143451690674,0,NOT_AVAILABLE,step IDs not attached
6,52,15368,30128,50,479232000,1.1857766658067703,0,NOT_AVAILABLE,step IDs not attached
6,55,25811,29411,2,19169280,0.056208111345767975,0,NOT_AVAILABLE,step IDs not attached
6,58,16988,29950,68,651755520,1.6191164031624794,0,NOT_AVAILABLE,step IDs not attached
6,61,18790,29591,27,258785280,0.6248019635677338,0,NOT_AVAILABLE,step IDs not attached
6,67,19688,29770,31,297123840,0.7896106690168381,0,NOT_AVAILABLE,step IDs not attached
7,0,7,1336,13,124600320,0.3289012238383293,0,NOT_AVAILABLE,step IDs not attached
7,1,178,30132,146,1399357440,3.74781247228384,0,NOT_AVAILABLE,step IDs not attached
7,2,179,30135,51,488816640,1.1777263134717941,0,NOT_AVAILABLE,step IDs not attached
7,3,180,4037,21,201277440,0.49277395009994507,0,NOT_AVAILABLE,step IDs not attached
7,4,792,30133,164,1571880960,4.772897809743881,0,NOT_AVAILABLE,step IDs not attached
7,5,797,1516,4,38338560,0.09025074541568756,0,NOT_AVAILABLE,step IDs not attached
7,6,796,1517,3,28753920,0.0723646953701973,0,NOT_AVAILABLE,step IDs not attached
7,7,1694,8717,22,210862080,0.5563590675592422,0,NOT_AVAILABLE,step IDs not attached
7,8,2416,2416,1,9584640,0.02749357372522354,0,NOT_AVAILABLE,step IDs not attached
7,9,1697,2237,4,38338560,0.08639506995677948,0,NOT_AVAILABLE,step IDs not attached
7,10,2594,30137,93,891371520,2.0855944603681564,0,NOT_AVAILABLE,step IDs not attached
7,13,3494,30136,95,910540800,2.0969565957784653,0,NOT_AVAILABLE,step IDs not attached
7,15,3497,4217,3,28753920,0.06896723061800003,0,NOT_AVAILABLE,step IDs not attached
7,16,4393,29595,64,613416960,1.7160438001155853,0,NOT_AVAILABLE,step IDs not attached
7,19,5294,28517,43,412139520,1.1222455650568008,0,NOT_AVAILABLE,step IDs not attached
7,22,6195,29777,80,766771200,1.8827235326170921,0,NOT_AVAILABLE,step IDs not attached
7,25,7097,7997,3,28753920,0.07382594048976898,0,NOT_AVAILABLE,step IDs not attached
7,28,8716,12317,3,28753920,0.08723698556423187,0,NOT_AVAILABLE,step IDs not attached
7,31,8897,24017,10,95846400,0.28855353593826294,0,NOT_AVAILABLE,step IDs not attached
7,34,9797,18437,38,364216320,0.9011076763272285,0,NOT_AVAILABLE,step IDs not attached
7,43,12496,29416,23,220446720,0.6545884534716606,0,NOT_AVAILABLE,step IDs not attached
7,52,15556,29957,13,124600320,0.3321915864944458,0,NOT_AVAILABLE,step IDs not attached
7,58,16996,29597,49,469647360,1.1971518397331238,0,NOT_AVAILABLE,step IDs not attached
7,61,18975,25997,4,38338560,0.10864902287721634,0,NOT_AVAILABLE,step IDs not attached
7,67,19692,30134,59,565493760,1.4887219294905663,0,NOT_AVAILABLE,step IDs not attached
8,0,8,665,10,95846400,0.26314612478017807,0,NOT_AVAILABLE,step IDs not attached
8,1,182,29422,47,450478080,1.2474562972784042,0,NOT_AVAILABLE,step IDs not attached
8,2,184,29423,23,220446720,0.5650566890835762,0,NOT_AVAILABLE,step IDs not attached
8,3,183,2423,14,134184960,0.3386540338397026,0,NOT_AVAILABLE,step IDs not attached
8,4,798,30141,164,1571880960,4.522014409303665,0,NOT_AVAILABLE,step IDs not attached
8,5,799,30139,121,1159741440,2.807815559208393,0,NOT_AVAILABLE,step IDs not attached
8,6,803,1523,5,47923200,0.11850520968437195,0,NOT_AVAILABLE,step IDs not attached
8,7,1699,29783,125,1198080000,2.9203714802861214,0,NOT_AVAILABLE,step IDs not attached
8,8,2243,2243,1,9584640,0.022926367819309235,0,NOT_AVAILABLE,step IDs not attached
8,9,1881,3143,6,57507840,0.1312587410211563,0,NOT_AVAILABLE,step IDs not attached
8,10,2599,30138,146,1399357440,4.008159041404724,0,NOT_AVAILABLE,step IDs not attached
8,11,2782,30143,56,536739840,1.2483932077884674,0,NOT_AVAILABLE,step IDs not attached
8,13,3502,30140,94,900956160,2.162720076739788,0,NOT_AVAILABLE,step IDs not attached
8,16,5121,7823,4,38338560,0.10526459664106369,0,NOT_AVAILABLE,step IDs not attached
8,19,6923,6923,1,9584640,0.028815120458602905,0,NOT_AVAILABLE,step IDs not attached
8,22,6201,29603,62,594247680,1.63332000374794,0,NOT_AVAILABLE,step IDs not attached
8,25,7821,17723,9,86261760,0.23091211915016174,0,NOT_AVAILABLE,step IDs not attached
8,28,8723,12323,2,19169280,0.05616806447505951,0,NOT_AVAILABLE,step IDs not attached
8,31,9620,28523,19,182108160,0.5596820265054703,0,NOT_AVAILABLE,step IDs not attached
8,67,19699,30142,56,536739840,1.4191986992955208,0,NOT_AVAILABLE,step IDs not attached
8,70,20599,29961,44,421724160,1.1349879205226898,0,NOT_AVAILABLE,step IDs not attached
9,0,9,4229,30,287539200,0.77068991959095,0,NOT_AVAILABLE,step IDs not attached
9,1,186,28168,84,805109760,2.041684463620186,0,NOT_AVAILABLE,step IDs not attached
9,2,188,3329,16,153354240,0.3714803606271744,0,NOT_AVAILABLE,step IDs not attached
9,3,189,1529,10,95846400,0.2308133989572525,0,NOT_AVAILABLE,step IDs not attached
9,4,804,30144,161,1543127040,4.487962462007999,0,NOT_AVAILABLE,step IDs not attached
9,6,809,1528,5,47923200,0.11646561324596405,0,NOT_AVAILABLE,step IDs not attached
9,7,1706,30149,55,527155200,1.247568055987358,0,NOT_AVAILABLE,step IDs not attached
9,8,2248,3149,3,28753920,0.06931927055120468,0,NOT_AVAILABLE,step IDs not attached
9,9,1709,2249,4,38338560,0.08551497012376785,0,NOT_AVAILABLE,step IDs not attached
9,10,2604,30145,125,1198080000,3.0368976294994354,0,NOT_AVAILABLE,step IDs not attached
9,12,2789,2969,2,19169280,0.04273653030395508,0,NOT_AVAILABLE,step IDs not attached
9,13,3507,30148,65,623001600,1.5128999948501587,0,NOT_AVAILABLE,step IDs not attached
9,16,4404,30146,144,1380188160,3.8633374497294426,0,NOT_AVAILABLE,step IDs not attached
9,19,5304,29789,83,795525120,2.112523652613163,0,NOT_AVAILABLE,step IDs not attached
9,22,6206,9989,18,172523520,0.4330873489379883,0,NOT_AVAILABLE,step IDs not attached
9,25,7108,9269,8,76677120,0.17915014177560806,0,NOT_AVAILABLE,step IDs not attached
9,28,8006,12329,8,76677120,0.19674841314554214,0,NOT_AVAILABLE,step IDs not attached
9,34,9808,11429,7,67092480,0.16521010547876358,0,NOT_AVAILABLE,step IDs not attached
9,37,10706,29069,32,306708480,0.7604667916893959,0,NOT_AVAILABLE,step IDs not attached
9,40,11608,13766,10,95846400,0.2394476905465126,0,NOT_AVAILABLE,step IDs not attached
9,43,12508,29608,54,517570560,1.3620425015687943,0,NOT_AVAILABLE,step IDs not attached
9,46,13409,29429,12,115015680,0.3185141831636429,0,NOT_AVAILABLE,step IDs not attached
9,52,18089,29968,15,143769600,0.37170853465795517,0,NOT_AVAILABLE,step IDs not attached
9,58,17008,29609,26,249200640,0.6879959255456924,0,NOT_AVAILABLE,step IDs not attached
9,64,18805,30147,32,306708480,0.7531028240919113,0,NOT_AVAILABLE,step IDs not attached
10,0,10,4235,28,268369920,0.6961515173316002,0,NOT_AVAILABLE,step IDs not attached
10,1,190,30150,162,1552711680,4.417684860527515,0,NOT_AVAILABLE,step IDs not attached
10,2,193,673,5,47923200,0.11636316776275635,0,NOT_AVAILABLE,step IDs not attached
10,3,192,2255,14,134184960,0.3261500969529152,0,NOT_AVAILABLE,step IDs not attached
10,4,810,30152,146,1399357440,3.5349251702427864,0,NOT_AVAILABLE,step IDs not attached
10,5,814,3335,7,67092480,0.17590727657079697,0,NOT_AVAILABLE,step IDs not attached
10,6,815,1535,5,47923200,0.11770520359277725,0,NOT_AVAILABLE,step IDs not attached
10,7,1712,17555,23,220446720,0.5400534719228745,0,NOT_AVAILABLE,step IDs not attached
10,9,1714,3155,9,86261760,0.20433124154806137,0,NOT_AVAILABLE,step IDs not attached
10,10,2610,30153,121,1159741440,2.8714053332805634,0,NOT_AVAILABLE,step IDs not attached
10,13,3513,16653,24,230031360,0.5601579323410988,0,NOT_AVAILABLE,step IDs not attached
10,15,3515,3695,2,19169280,0.04656333476305008,0,NOT_AVAILABLE,step IDs not attached
10,16,4410,30155,144,1380188160,4.057162441313267,0,NOT_AVAILABLE,step IDs not attached
10,19,5310,29793,107,1025556480,2.669682726264,0,NOT_AVAILABLE,step IDs not attached
10,22,6212,9275,16,153354240,0.3771204501390457,0,NOT_AVAILABLE,step IDs not attached
10,25,7835,8375,4,38338560,0.10064803063869476,0,NOT_AVAILABLE,step IDs not attached
10,28,8734,8734,1,9584640,0.027492642402648926,0,NOT_AVAILABLE,step IDs not attached
10,31,8912,26734,34,325877760,0.9631402790546417,0,NOT_AVAILABLE,step IDs not attached
10,34,9814,11435,6,57507840,0.13794470578432083,0,NOT_AVAILABLE,step IDs not attached
10,43,12693,18275,14,134184960,0.31647738069295883,0,NOT_AVAILABLE,step IDs not attached
10,52,18455,19355,3,28753920,0.07449928671121597,0,NOT_AVAILABLE,step IDs not attached
10,55,17735,18995,4,38338560,0.10576564818620682,0,NOT_AVAILABLE,step IDs not attached
10,58,17012,30154,74,709263360,1.7864350229501724,0,NOT_AVAILABLE,step IDs not attached
10,67,19712,30151,56,536739840,1.3821572065353394,0,NOT_AVAILABLE,step IDs not attached
11,0,11,2441,20,191692800,0.49531087279319763,0,NOT_AVAILABLE,step IDs not attached
11,1,194,5141,30,287539200,0.7288716733455658,0,NOT_AVAILABLE,step IDs not attached
11,2,197,1541,6,57507840,0.14467723667621613,0,NOT_AVAILABLE,step IDs not attached
11,3,196,1360,9,86261760,0.20623300224542618,0,NOT_AVAILABLE,step IDs not attached
11,4,816,30161,56,536739840,1.3559367507696152,0,NOT_AVAILABLE,step IDs not attached
11,5,820,1540,5,47923200,0.11371728032827377,0,NOT_AVAILABLE,step IDs not attached
11,6,819,1538,5,47923200,0.12569688260555267,0,NOT_AVAILABLE,step IDs not attached
11,7,1716,22061,28,268369920,0.7045427337288857,0,NOT_AVAILABLE,step IDs not attached
11,8,1720,3341,6,57507840,0.1420034095644951,0,NOT_AVAILABLE,step IDs not attached
11,9,1719,3340,10,95846400,0.23999623954296112,0,NOT_AVAILABLE,step IDs not attached
11,10,2616,30158,67,642170880,1.640469767153263,0,NOT_AVAILABLE,step IDs not attached
11,12,2621,3161,4,38338560,0.0823289155960083,0,NOT_AVAILABLE,step IDs not attached
11,13,3517,30160,49,469647360,1.1139372363686562,0,NOT_AVAILABLE,step IDs not attached
11,15,3521,4241,5,47923200,0.11384766548871994,0,NOT_AVAILABLE,step IDs not attached
11,16,4416,29980,142,1361018880,3.768748603761196,0,NOT_AVAILABLE,step IDs not attached
11,19,5316,29979,115,1102233600,3.160141408443451,0,NOT_AVAILABLE,step IDs not attached
11,22,6218,18101,46,440893440,1.072973944246769,0,NOT_AVAILABLE,step IDs not attached
11,25,7119,11980,23,220446720,0.5604568868875504,0,NOT_AVAILABLE,step IDs not attached
11,28,8019,17741,31,297123840,0.7682042196393013,0,NOT_AVAILABLE,step IDs not attached
11,31,8921,21341,11,105431040,0.31513627618551254,0,NOT_AVAILABLE,step IDs not attached
11,34,9818,29978,99,948879360,2.447563223540783,0,NOT_AVAILABLE,step IDs not attached
11,37,12881,13781,2,19169280,0.044269487261772156,0,NOT_AVAILABLE,step IDs not attached
11,43,12518,29801,69,661340160,1.714162528514862,0,NOT_AVAILABLE,step IDs not attached
11,46,13419,19001,11,105431040,0.24772249162197113,0,NOT_AVAILABLE,step IDs not attached
11,52,15580,15580,1,9584640,0.0215042382478714,0,NOT_AVAILABLE,step IDs not attached
11,55,16121,20441,7,67092480,0.1854095607995987,0,NOT_AVAILABLE,step IDs not attached
11,58,17016,30157,74,709263360,2.1513504907488823,0,NOT_AVAILABLE,step IDs not attached
11,67,19717,30156,59,565493760,1.734413206577301,0,NOT_AVAILABLE,step IDs not attached
11,70,20620,29441,15,143769600,0.3701699897646904,0,NOT_AVAILABLE,step IDs not attached
11,76,24941,24941,1,9584640,0.027433037757873535,0,NOT_AVAILABLE,step IDs not attached
11,97,29259,30159,3,28753920,0.07737148553133011,0,NOT_AVAILABLE,step IDs not attached
12,0,12,5867,30,287539200,0.728103332221508,0,NOT_AVAILABLE,step IDs not attached
12,1,198,30164,93,891371520,2.3443205282092094,0,NOT_AVAILABLE,step IDs not attached
12,2,200,4247,21,201277440,0.4928773269057274,0,NOT_AVAILABLE,step IDs not attached
12,3,201,2087,9,86261760,0.20069442689418793,0,NOT_AVAILABLE,step IDs not attached
12,4,822,30162,164,1571880960,4.397532902657986,0,NOT_AVAILABLE,step IDs not attached
12,5,827,1547,2,19169280,0.04741549491882324,0,NOT_AVAILABLE,step IDs not attached
12,6,826,2267,6,57507840,0.13647228479385376,0,NOT_AVAILABLE,step IDs not attached
12,7,1724,6947,21,201277440,0.5038157105445862,0,NOT_AVAILABLE,step IDs not attached
12,8,1727,3347,4,38338560,0.09513087570667267,0,NOT_AVAILABLE,step IDs not attached
12,10,2623,28367,41,392970240,0.9909700602293015,0,NOT_AVAILABLE,step IDs not attached
12,13,3524,6767,18,172523520,0.43107569217681885,0,NOT_AVAILABLE,step IDs not attached
12,16,4423,29442,55,527155200,1.6835331916809082,0,NOT_AVAILABLE,step IDs not attached
12,19,5323,28546,45,431308800,1.1911196634173393,0,NOT_AVAILABLE,step IDs not attached
12,22,6222,30163,133,1274757120,3.5949433222413063,0,NOT_AVAILABLE,step IDs not attached
12,25,7123,29986,103,987217920,2.495238557457924,0,NOT_AVAILABLE,step IDs not attached
12,28,8023,29626,62,594247680,1.672753132879734,0,NOT_AVAILABLE,step IDs not attached
12,34,10005,19727,33,316293120,0.7508322596549988,0,NOT_AVAILABLE,step IDs not attached
12,37,10725,30167,70,670924800,1.7297184094786644,0,NOT_AVAILABLE,step IDs not attached
12,46,14147,18647,2,19169280,0.05698110908269882,0,NOT_AVAILABLE,step IDs not attached
12,52,15405,30165,56,536739840,1.3482971116900444,0,NOT_AVAILABLE,step IDs not attached
12,58,19546,25846,5,47923200,0.16021262854337692,0,NOT_AVAILABLE,step IDs not attached
12,64,18827,27467,10,95846400,0.23795291781425476,0,NOT_AVAILABLE,step IDs not attached
12,67,19907,30166,26,249200640,0.6176494061946869,0,NOT_AVAILABLE,step IDs not attached
13,0,13,2452,20,191692800,0.5020573735237122,0,NOT_AVAILABLE,step IDs not attached
13,1,202,30169,136,1303511040,3.2817451283335686,0,NOT_AVAILABLE,step IDs not attached
13,2,205,685,5,47923200,0.11501088738441467,0,NOT_AVAILABLE,step IDs not attached
13,3,203,16673,15,143769600,0.36085303872823715,0,NOT_AVAILABLE,step IDs not attached
13,4,828,30168,164,1571880960,4.8050349578261375,0,NOT_AVAILABLE,step IDs not attached
13,5,833,17573,6,57507840,0.1401323825120926,0,NOT_AVAILABLE,step IDs not attached
13,6,832,1551,5,47923200,0.12826360762119293,0,NOT_AVAILABLE,step IDs not attached
13,7,1729,30170,143,1370603520,3.5031260922551155,0,NOT_AVAILABLE,step IDs not attached
13,8,2453,2453,1,9584640,0.027922913432121277,0,NOT_AVAILABLE,step IDs not attached
13,9,1731,4073,11,105431040,0.2508144825696945,0,NOT_AVAILABLE,step IDs not attached
13,10,2628,30171,154,1476034560,3.816417418420315,0,NOT_AVAILABLE,step IDs not attached
13,12,2633,3353,5,47923200,0.1173047348856926,0,NOT_AVAILABLE,step IDs not attached
13,13,3530,30172,112,1073479680,2.5578271597623825,0,NOT_AVAILABLE,step IDs not attached
13,15,3533,4253,4,38338560,0.09562913328409195,0,NOT_AVAILABLE,step IDs not attached
13,16,4428,29813,120,1150156800,3.0942996963858604,0,NOT_AVAILABLE,step IDs not attached
13,19,5328,29450,52,498401280,1.4579901471734047,0,NOT_AVAILABLE,step IDs not attached
13,22,6231,9652,10,95846400,0.2589253708720207,0,NOT_AVAILABLE,step IDs not attached
13,25,7133,9653,6,57507840,0.1554638147354126,0,NOT_AVAILABLE,step IDs not attached
13,34,9832,12353,4,38338560,0.10571815073490143,0,NOT_AVAILABLE,step IDs not attached
13,37,13253,13253,1,9584640,0.02900604158639908,0,NOT_AVAILABLE,step IDs not attached
13,43,13251,14153,2,19169280,0.05818251520395279,0,NOT_AVAILABLE,step IDs not attached
13,58,17752,29452,11,105431040,0.3205901011824608,0,NOT_AVAILABLE,step IDs not attached
13,67,20093,30173,22,210862080,0.4913266748189926,0,NOT_AVAILABLE,step IDs not attached
14,0,14,4259,30,287539200,0.7442496716976166,0,NOT_AVAILABLE,step IDs not attached
14,1,206,30174,139,1332264960,3.521338105201721,0,NOT_AVAILABLE,step IDs not attached
14,2,209,2458,11,105431040,0.2616420388221741,0,NOT_AVAILABLE,step IDs not attached
14,3,208,3179,19,182108160,0.4630992189049721,0,NOT_AVAILABLE,step IDs not attached
14,4,834,30175,164,1571880960,4.622189328074455,0,NOT_AVAILABLE,step IDs not attached
14,5,839,1559,5,47923200,0.11523161083459854,0,NOT_AVAILABLE,step IDs not attached
14,7,1736,5159,20,191692800,0.47500990331172943,0,NOT_AVAILABLE,step IDs not attached
14,8,3359,3359,1,9584640,0.0292360782623291,0,NOT_AVAILABLE,step IDs not attached
14,9,1739,2279,4,38338560,0.084633007645607,0,NOT_AVAILABLE,step IDs not attached
14,10,2635,30177,144,1380188160,3.396271727979183,0,NOT_AVAILABLE,step IDs not attached
14,13,3537,30176,78,747601920,1.806255429983139,0,NOT_AVAILABLE,step IDs not attached
14,16,4435,29456,63,603832320,1.6826214268803596,0,NOT_AVAILABLE,step IDs not attached
14,19,5334,30178,139,1332264960,3.8091838359832764,0,NOT_AVAILABLE,step IDs not attached
14,22,6236,29999,116,1111818240,2.894090488553047,0,NOT_AVAILABLE,step IDs not attached
14,25,7138,30179,66,632586240,1.6302932053804398,0,NOT_AVAILABLE,step IDs not attached
14,28,8759,9659,2,19169280,0.05604792386293411,0,NOT_AVAILABLE,step IDs not attached
14,34,10559,21359,6,57507840,0.1857290044426918,0,NOT_AVAILABLE,step IDs not attached
14,46,18659,21358,2,19169280,0.06769690662622452,0,NOT_AVAILABLE,step IDs not attached
15,0,15,30182,56,536739840,1.31330918520689,0,NOT_AVAILABLE,step IDs not attached
15,1,210,30180,162,1552711680,4.298664629459381,0,NOT_AVAILABLE,step IDs not attached
15,2,213,693,5,47923200,0.1198798418045044,0,NOT_AVAILABLE,step IDs not attached
15,3,212,2105,12,115015680,0.27756765484809875,0,NOT_AVAILABLE,step IDs not attached
15,4,840,30181,112,1073479680,2.708255313336849,0,NOT_AVAILABLE,step IDs not attached
15,5,843,3365,10,95846400,0.23054983466863632,0,NOT_AVAILABLE,step IDs not attached
15,6,845,1565,5,47923200,0.11456012725830078,0,NOT_AVAILABLE,step IDs not attached
15,7,1740,30185,33,316293120,0.7940512150526047,0,NOT_AVAILABLE,step IDs not attached
15,9,1743,3005,7,67092480,0.1621553674340248,0,NOT_AVAILABLE,step IDs not attached
15,10,2640,30184,90,862617600,2.114148810505867,0,NOT_AVAILABLE,step IDs not attached
15,12,3185,3185,1,9584640,0.02201460301876068,0,NOT_AVAILABLE,step IDs not attached
15,13,3541,30183,60,575078400,1.4145076274871826,0,NOT_AVAILABLE,step IDs not attached
15,15,3545,4265,5,47923200,0.113707035779953,0,NOT_AVAILABLE,step IDs not attached
15,16,4440,29464,85,814694400,2.1503232419490814,0,NOT_AVAILABLE,step IDs not attached
15,18,4442,5162,5,47923200,0.12496486306190491,0,NOT_AVAILABLE,step IDs not attached
15,19,5340,30001,120,1150156800,3.6248071119189262,0,NOT_AVAILABLE,step IDs not attached
15,22,6241,29824,77,738017280,1.9568605348467827,0,NOT_AVAILABLE,step IDs not attached
15,25,7141,30003,94,900956160,2.4423813447356224,0,NOT_AVAILABLE,step IDs not attached
15,28,8043,29645,27,258785280,0.7183561101555824,0,NOT_AVAILABLE,step IDs not attached
15,31,9665,9665,1,9584640,0.02782326191663742,0,NOT_AVAILABLE,step IDs not attached
15,34,10205,10565,2,19169280,0.05051866173744202,0,NOT_AVAILABLE,step IDs not attached
15,37,10925,10925,1,9584640,0.021943822503089905,0,NOT_AVAILABLE,step IDs not attached
15,49,16865,16865,1,9584640,0.027904286980628967,0,NOT_AVAILABLE,step IDs not attached
15,52,19385,19385,1,9584640,0.022785738110542297,0,NOT_AVAILABLE,step IDs not attached
15,58,17044,28565,37,354631680,0.9244317188858986,0,NOT_AVAILABLE,step IDs not attached
16,0,16,30188,133,1274757120,3.04263923317194,0,NOT_AVAILABLE,step IDs not attached
16,1,214,30186,169,1619804160,5.159470252692699,0,NOT_AVAILABLE,step IDs not attached
16,2,217,13991,16,153354240,0.3645801916718483,0,NOT_AVAILABLE,step IDs not attached
16,3,216,3371,20,191692800,0.4801629111170769,0,NOT_AVAILABLE,step IDs not attached
16,4,847,30187,164,1571880960,4.4335853308439255,0,NOT_AVAILABLE,step IDs not attached
16,5,851,1571,4,38338560,0.08835922926664352,0,NOT_AVAILABLE,step IDs not attached
16,6,1391,1391,1,9584640,0.021823681890964508,0,NOT_AVAILABLE,step IDs not attached
16,7,1748,30191,157,1504788480,3.796241246163845,0,NOT_AVAILABLE,step IDs not attached
16,10,2648,30189,154,1476034560,3.7173638120293617,0,NOT_AVAILABLE,step IDs not attached
16,13,3550,30190,110,1054310400,2.5128666311502457,0,NOT_AVAILABLE,step IDs not attached
16,16,4449,29470,47,450478080,1.3004383072257042,0,NOT_AVAILABLE,step IDs not attached
16,19,5349,29471,34,325877760,0.9771743789315224,0,NOT_AVAILABLE,step IDs not attached
17,0,17,1217,12,115015680,0.3057103604078293,0,NOT_AVAILABLE,step IDs not attached
17,1,218,30193,134,1284341760,3.3435095101594925,0,NOT_AVAILABLE,step IDs not attached
17,2,220,30197,30,287539200,0.6720684468746185,0,NOT_AVAILABLE,step IDs not attached
17,3,219,28397,27,258785280,0.617247074842453,0,NOT_AVAILABLE,step IDs not attached
17,4,852,30192,163,1562296320,4.71817422658205,0,NOT_AVAILABLE,step IDs not attached
17,5,856,17597,6,57507840,0.13506971299648285,0,NOT_AVAILABLE,step IDs not attached
17,6,854,1574,5,47923200,0.12595020234584808,0,NOT_AVAILABLE,step IDs not attached
17,7,1753,30196,139,1332264960,3.439449705183506,0,NOT_AVAILABLE,step IDs not attached
17,8,1756,4097,11,105431040,0.256621278822422,0,NOT_AVAILABLE,step IDs not attached
17,9,1755,3377,6,57507840,0.1471908763051033,0,NOT_AVAILABLE,step IDs not attached
17,10,2652,30194,154,1476034560,4.029984585940838,0,NOT_AVAILABLE,step IDs not attached
17,12,2657,3197,4,38338560,0.08621625602245331,0,NOT_AVAILABLE,step IDs not attached
17,13,3553,30195,132,1265172480,3.1401608139276505,0,NOT_AVAILABLE,step IDs not attached
17,14,3557,4277,4,38338560,0.10209158062934875,0,NOT_AVAILABLE,step IDs not attached
17,16,4452,29476,72,690094080,1.8301336094737053,0,NOT_AVAILABLE,step IDs not attached
17,18,4457,5177,2,19169280,0.05497690290212631,0,NOT_AVAILABLE,step IDs not attached
17,19,5352,17777,24,230031360,0.6647733971476555,0,NOT_AVAILABLE,step IDs not attached
17,22,6255,9677,10,95846400,0.25594234466552734,0,NOT_AVAILABLE,step IDs not attached
17,25,7155,29477,18,172523520,0.47425832599401474,0,NOT_AVAILABLE,step IDs not attached
17,28,8777,8777,1,9584640,0.02957601100206375,0,NOT_AVAILABLE,step IDs not attached
17,34,9857,17957,7,67092480,0.17946213483810425,0,NOT_AVAILABLE,step IDs not attached
17,37,13275,13275,1,9584640,0.02834480255842209,0,NOT_AVAILABLE,step IDs not attached
17,67,19754,30017,47,450478080,1.0940758511424065,0,NOT_AVAILABLE,step IDs not attached
18,0,18,30203,58,555909120,1.4173844829201698,0,NOT_AVAILABLE,step IDs not attached
18,1,222,30198,164,1571880960,4.319800995290279,0,NOT_AVAILABLE,step IDs not attached
18,2,225,705,5,47923200,0.11212658137083054,0,NOT_AVAILABLE,step IDs not attached
18,3,224,2483,15,143769600,0.357053242623806,0,NOT_AVAILABLE,step IDs not attached
18,4,858,30200,105,1006387200,2.474438399076462,0,NOT_AVAILABLE,step IDs not attached
18,5,863,1583,5,47923200,0.11852756142616272,0,NOT_AVAILABLE,step IDs not attached
18,6,862,1582,5,47923200,0.12130104005336761,0,NOT_AVAILABLE,step IDs not attached
18,7,1760,4823,18,172523520,0.42104441672563553,0,NOT_AVAILABLE,step IDs not attached
18,9,1762,2482,5,47923200,0.11954642832279205,0,NOT_AVAILABLE,step IDs not attached
18,10,2658,18502,56,536739840,1.3621728867292404,0,NOT_AVAILABLE,step IDs not attached
18,12,2663,3383,5,47923200,0.11895690113306046,0,NOT_AVAILABLE,step IDs not attached
18,13,3561,16703,23,220446720,0.5298396572470665,0,NOT_AVAILABLE,step IDs not attached
18,16,4458,30199,144,1380188160,4.164356738328934,0,NOT_AVAILABLE,step IDs not attached
18,18,5183,5183,1,9584640,0.02878531813621521,0,NOT_AVAILABLE,step IDs not attached
18,19,5359,30023,104,996802560,2.683820202946663,0,NOT_AVAILABLE,step IDs not attached
18,22,6260,10583,17,162938880,0.4224022850394249,0,NOT_AVAILABLE,step IDs not attached
18,25,7160,17782,23,220446720,0.5861148238182068,0,NOT_AVAILABLE,step IDs not attached
18,28,8063,9682,4,38338560,0.10269042104482651,0,NOT_AVAILABLE,step IDs not attached
18,34,9862,17783,17,162938880,0.4440685734152794,0,NOT_AVAILABLE,step IDs not attached
18,37,10760,14543,18,172523520,0.43211691081523895,0,NOT_AVAILABLE,step IDs not attached
18,43,12562,18683,19,182108160,0.4651835188269615,0,NOT_AVAILABLE,step IDs not attached
18,55,16162,26783,19,182108160,0.48847496509552,0,NOT_AVAILABLE,step IDs not attached
18,58,17059,30202,74,709263360,1.883319579064846,0,NOT_AVAILABLE,step IDs not attached
18,64,18861,30201,64,613416960,1.565147191286087,0,NOT_AVAILABLE,step IDs not attached
18,67,19762,29123,32,306708480,0.7673231884837151,0,NOT_AVAILABLE,step IDs not attached
18,91,26963,29483,3,28753920,0.0812998041510582,0,NOT_AVAILABLE,step IDs not attached
18,94,27863,29843,6,57507840,0.14724209904670715,0,NOT_AVAILABLE,step IDs not attached
19,0,19,30205,86,824279040,2.0015081390738487,0,NOT_AVAILABLE,step IDs not attached
19,1,226,30204,151,1447280640,4.260653629899025,0,NOT_AVAILABLE,step IDs not attached
19,2,229,28409,23,220446720,0.508846715092659,0,NOT_AVAILABLE,step IDs not attached
19,3,228,30207,59,565493760,1.3464689254760742,0,NOT_AVAILABLE,step IDs not attached
19,4,865,30206,161,1543127040,4.033520817756653,0,NOT_AVAILABLE,step IDs not attached
19,5,868,1588,5,47923200,0.11380854994058609,0,NOT_AVAILABLE,step IDs not attached
19,7,1766,16349,21,201277440,0.5318876355886459,0,NOT_AVAILABLE,step IDs not attached
19,9,1769,2489,2,19169280,0.049578957259655,0,NOT_AVAILABLE,step IDs not attached
19,10,2666,11129,29,277954560,0.6831446662545204,0,NOT_AVAILABLE,step IDs not attached
19,13,3568,5909,6,57507840,0.1444462686777115,0,NOT_AVAILABLE,step IDs not attached
19,16,4465,21389,58,555909120,1.5082601457834244,0,NOT_AVAILABLE,step IDs not attached
19,18,5189,6089,2,19169280,0.05648750811815262,0,NOT_AVAILABLE,step IDs not attached
19,19,5364,13288,31,297123840,0.7876288145780563,0,NOT_AVAILABLE,step IDs not attached
19,22,6268,8788,9,86261760,0.22162776440382004,0,NOT_AVAILABLE,step IDs not attached
19,25,7168,12749,22,210862080,0.5370965227484703,0,NOT_AVAILABLE,step IDs not attached
19,28,8789,8789,1,9584640,0.03073830157518387,0,NOT_AVAILABLE,step IDs not attached
19,31,8969,15089,5,47923200,0.1288820058107376,0,NOT_AVAILABLE,step IDs not attached
19,32,9689,16889,6,57507840,0.17522554844617844,0,NOT_AVAILABLE,step IDs not attached
19,34,9864,29847,88,843448320,2.278301864862442,0,NOT_AVAILABLE,step IDs not attached
19,37,12388,13289,2,19169280,0.05977321416139603,0,NOT_AVAILABLE,step IDs not attached
19,43,12567,19589,21,201277440,0.5303183570504189,0,NOT_AVAILABLE,step IDs not attached
19,46,13469,14549,5,47923200,0.11916924268007278,0,NOT_AVAILABLE,step IDs not attached
19,52,15447,30028,13,124600320,0.2996521070599556,0,NOT_AVAILABLE,step IDs not attached
19,53,15808,30208,17,162938880,0.3931596875190735,0,NOT_AVAILABLE,step IDs not attached
19,55,16169,29489,27,258785280,0.7199598476290703,0,NOT_AVAILABLE,step IDs not attached
19,56,18509,30209,11,105431040,0.24983566254377365,0,NOT_AVAILABLE,step IDs not attached
19,57,16167,17608,7,67092480,0.16024988144636154,0,NOT_AVAILABLE,step IDs not attached
19,58,17064,29848,57,546324480,1.4968710020184517,0,NOT_AVAILABLE,step IDs not attached
19,67,19764,30026,49,469647360,1.318126916885376,0,NOT_AVAILABLE,step IDs not attached
19,70,20668,29487,20,191692800,0.522218644618988,0,NOT_AVAILABLE,step IDs not attached
19,91,26968,30029,15,143769600,0.36039482802152634,0,NOT_AVAILABLE,step IDs not attached
20,0,20,30212,55,527155200,1.3027545064687729,0,NOT_AVAILABLE,step IDs not attached
20,1,230,30210,167,1600634880,4.89137414842844,0,NOT_AVAILABLE,step IDs not attached
20,2,233,1595,7,67092480,0.1664813607931137,0,NOT_AVAILABLE,step IDs not attached
20,3,231,30215,48,460062720,1.1104540899395943,0,NOT_AVAILABLE,step IDs not attached
20,4,871,30214,117,1121402880,2.6596253737807274,0,NOT_AVAILABLE,step IDs not attached
20,5,874,1594,4,38338560,0.09153410792350769,0,NOT_AVAILABLE,step IDs not attached
20,6,875,1415,4,38338560,0.09398441761732101,0,NOT_AVAILABLE,step IDs not attached
20,7,1772,6995,20,191692800,0.4974044859409332,0,NOT_AVAILABLE,step IDs not attached
20,9,1775,2495,5,47923200,0.1175031065940857,0,NOT_AVAILABLE,step IDs not attached
20,10,2671,20135,45,431308800,1.0942434892058372,0,NOT_AVAILABLE,step IDs not attached
20,13,3572,30213,92,881786880,2.1035755053162575,0,NOT_AVAILABLE,step IDs not attached
20,15,4295,4295,1,9584640,0.029476359486579895,0,NOT_AVAILABLE,step IDs not attached
20,16,4471,21754,39,373800960,0.9591458365321159,0,NOT_AVAILABLE,step IDs not attached
20,19,5370,27695,54,517570560,1.3848040252923965,0,NOT_AVAILABLE,step IDs not attached
20,22,6275,9695,5,47923200,0.1382371410727501,0,NOT_AVAILABLE,step IDs not attached
20,25,7171,29674,64,613416960,1.6297763213515282,0,NOT_AVAILABLE,step IDs not attached
20,31,8973,29494,35,335462400,1.0355496779084206,0,NOT_AVAILABLE,step IDs not attached
20,34,9871,30035,93,891371520,2.339072525501251,0,NOT_AVAILABLE,step IDs not attached
20,37,12393,13475,3,28753920,0.08335988968610764,0,NOT_AVAILABLE,step IDs not attached
20,43,12575,17795,9,86261760,0.24007726460695267,0,NOT_AVAILABLE,step IDs not attached
20,58,17074,29675,33,316293120,0.8589588105678558,0,NOT_AVAILABLE,step IDs not attached
20,64,18875,26795,6,57507840,0.15051476657390594,0,NOT_AVAILABLE,step IDs not attached
20,67,19770,30211,59,565493760,1.7263004556298256,0,NOT_AVAILABLE,step IDs not attached
20,70,20675,28774,25,239616000,0.5904454737901688,0,NOT_AVAILABLE,step IDs not attached
20,73,24635,24635,1,9584640,0.02183392643928528,0,NOT_AVAILABLE,step IDs not attached
20,76,23374,24275,3,28753920,0.06870832294225693,0,NOT_AVAILABLE,step IDs not attached
20,91,26972,30034,15,143769600,0.38272514939308167,0,NOT_AVAILABLE,step IDs not attached
21,0,21,30219,73,699678720,1.6701985150575638,0,NOT_AVAILABLE,step IDs not attached
21,1,234,30216,169,1619804160,5.173016339540482,0,NOT_AVAILABLE,step IDs not attached
21,2,237,1601,7,67092480,0.16769394278526306,0,NOT_AVAILABLE,step IDs not attached
21,3,235,30218,74,709263360,1.765999011695385,0,NOT_AVAILABLE,step IDs not attached
21,4,877,30038,137,1313095680,3.3241799101233482,0,NOT_AVAILABLE,step IDs not attached
21,5,880,30221,33,316293120,0.7276833057403564,0,NOT_AVAILABLE,step IDs not attached
21,6,881,1600,4,38338560,0.09877514094114304,0,NOT_AVAILABLE,step IDs not attached
21,7,1778,29861,106,1015971840,2.634575590491295,0,NOT_AVAILABLE,step IDs not attached
21,9,1781,8621,7,67092480,0.1605246216058731,0,NOT_AVAILABLE,step IDs not attached
21,10,2678,29860,99,948879360,2.45810579508543,0,NOT_AVAILABLE,step IDs not attached
21,11,5021,18521,12,115015680,0.27646590024232864,0,NOT_AVAILABLE,step IDs not attached
21,13,3577,30217,149,1428111360,3.7324316799640656,0,NOT_AVAILABLE,step IDs not attached
21,16,4481,6461,3,28753920,0.07376633584499359,0,NOT_AVAILABLE,step IDs not attached
21,19,5381,7001,5,47923200,0.1256270334124565,0,NOT_AVAILABLE,step IDs not attached
21,25,7181,16901,25,239616000,0.6141746416687965,0,NOT_AVAILABLE,step IDs not attached
21,34,10241,15641,8,76677120,0.18039532005786896,0,NOT_AVAILABLE,step IDs not attached
21,37,10961,13840,6,57507840,0.14302507042884827,0,NOT_AVAILABLE,step IDs not attached
21,52,16001,19601,2,19169280,0.05837250500917435,0,NOT_AVAILABLE,step IDs not attached
21,55,19240,20861,2,19169280,0.04746299237012863,0,NOT_AVAILABLE,step IDs not attached
21,58,17081,19060,9,86261760,0.21520722657442093,0,NOT_AVAILABLE,step IDs not attached
21,60,17621,17621,1,9584640,0.021683983504772186,0,NOT_AVAILABLE,step IDs not attached
21,64,19059,30040,8,76677120,0.179290771484375,0,NOT_AVAILABLE,step IDs not attached
21,65,19418,30220,13,124600320,0.294344499707222,0,NOT_AVAILABLE,step IDs not attached
21,66,19241,25721,4,38338560,0.0896994024515152,0,NOT_AVAILABLE,step IDs not attached
21,67,19777,30039,47,450478080,1.217561773955822,0,NOT_AVAILABLE,step IDs not attached
21,73,22661,28061,5,47923200,0.11368095874786377,0,NOT_AVAILABLE,step IDs not attached
21,85,28961,28961,1,9584640,0.02375710755586624,0,NOT_AVAILABLE,step IDs not attached
22,0,22,30224,63,603832320,1.5175603330135345,0,NOT_AVAILABLE,step IDs not attached
22,1,238,30222,155,1485619200,4.388723522424698,0,NOT_AVAILABLE,step IDs not attached
22,2,241,2327,8,76677120,0.17994269728660583,0,NOT_AVAILABLE,step IDs not attached
22,3,240,5027,22,210862080,0.5111033096909523,0,NOT_AVAILABLE,step IDs not attached
22,4,883,17626,50,479232000,1.2005260214209557,0,NOT_AVAILABLE,step IDs not attached
22,5,886,1607,5,47923200,0.11359807103872299,0,NOT_AVAILABLE,step IDs not attached
22,6,887,1606,3,28753920,0.07220171391963959,0,NOT_AVAILABLE,step IDs not attached
22,7,1784,7907,21,201277440,0.5110185593366623,0,NOT_AVAILABLE,step IDs not attached
22,9,1787,2507,4,38338560,0.09470712393522263,0,NOT_AVAILABLE,step IDs not attached
22,10,2684,7007,20,191692800,0.5063954740762711,0,NOT_AVAILABLE,step IDs not attached
22,13,3586,12227,20,191692800,0.4686247557401657,0,NOT_AVAILABLE,step IDs not attached
22,16,4482,27706,84,805109760,2.1670302376151085,0,NOT_AVAILABLE,step IDs not attached
22,19,5382,18707,47,450478080,1.2702448293566704,0,NOT_AVAILABLE,step IDs not attached
22,22,6285,10247,15,143769600,0.3587445244193077,0,NOT_AVAILABLE,step IDs not attached
22,25,7185,15107,38,364216320,0.9125974029302597,0,NOT_AVAILABLE,step IDs not attached
22,28,8086,9707,6,57507840,0.14496687799692154,0,NOT_AVAILABLE,step IDs not attached
22,31,8986,12407,11,105431040,0.27786754071712494,0,NOT_AVAILABLE,step IDs not attached
22,34,9882,29867,73,699678720,1.9772406667470932,0,NOT_AVAILABLE,step IDs not attached
22,37,10787,10967,2,19169280,0.04470162093639374,0,NOT_AVAILABLE,step IDs not attached
22,43,12584,28607,39,373800960,1.0138880461454391,0,NOT_AVAILABLE,step IDs not attached
22,46,13667,13847,2,19169280,0.04678405821323395,0,NOT_AVAILABLE,step IDs not attached
22,49,14387,16187,8,76677120,0.19337423145771027,0,NOT_AVAILABLE,step IDs not attached
22,52,15286,19247,10,95846400,0.22317375987768173,0,NOT_AVAILABLE,step IDs not attached
22,53,15824,24827,5,47923200,0.12196321040391922,0,NOT_AVAILABLE,step IDs not attached
22,55,16184,30226,79,757186560,1.9481359049677849,0,NOT_AVAILABLE,step IDs not attached
22,56,16727,21227,2,19169280,0.04439987242221832,0,NOT_AVAILABLE,step IDs not attached
22,58,17082,30225,74,709263360,1.9943490624427795,0,NOT_AVAILABLE,step IDs not attached
22,64,18883,30223,58,555909120,1.394675113260746,0,NOT_AVAILABLE,step IDs not attached
22,67,19782,30044,47,450478080,1.3610739260911942,0,NOT_AVAILABLE,step IDs not attached
22,70,20867,26447,11,105431040,0.2536401152610779,0,NOT_AVAILABLE,step IDs not attached
22,76,22667,29506,8,76677120,0.2064034342765808,0,NOT_AVAILABLE,step IDs not attached
22,85,25727,30227,5,47923200,0.1142788678407669,0,NOT_AVAILABLE,step IDs not attached
22,91,26987,30047,14,134184960,0.3431299701333046,0,NOT_AVAILABLE,step IDs not attached
23,0,23,26812,29,277954560,0.7247878238558769,0,NOT_AVAILABLE,step IDs not attached
23,1,242,30228,169,1619804160,5.1167206838727,0,NOT_AVAILABLE,step IDs not attached
23,2,245,1613,10,95846400,0.22978894412517548,0,NOT_AVAILABLE,step IDs not attached
23,3,243,16732,41,392970240,0.9784996509552002,0,NOT_AVAILABLE,step IDs not attached
23,4,889,29511,57,546324480,1.5142383053898811,0,NOT_AVAILABLE,step IDs not attached
23,5,892,1612,5,47923200,0.11308863759040833,0,NOT_AVAILABLE,step IDs not attached
23,7,1791,3412,9,86261760,0.2126367762684822,0,NOT_AVAILABLE,step IDs not attached
23,9,1793,3233,6,57507840,0.14147162437438965,0,NOT_AVAILABLE,step IDs not attached
23,10,2689,27712,35,335462400,0.9745843708515167,0,NOT_AVAILABLE,step IDs not attached
23,13,3589,13133,30,287539200,0.7106028497219086,0,NOT_AVAILABLE,step IDs not attached
23,15,3593,5033,5,47923200,0.11181551963090897,0,NOT_AVAILABLE,step IDs not attached
23,16,4489,29509,75,718848000,1.9424455240368843,0,NOT_AVAILABLE,step IDs not attached
23,19,5390,12593,35,335462400,0.8428944274783134,0,NOT_AVAILABLE,step IDs not attached
23,22,6292,8453,9,86261760,0.20711496472358704,0,NOT_AVAILABLE,step IDs not attached
23,25,7190,12953,27,258785280,0.643312931060791,0,NOT_AVAILABLE,step IDs not attached
23,30,8092,11333,11,105431040,0.26005879044532776,0,NOT_AVAILABLE,step IDs not attached
23,31,8992,11873,11,105431040,0.2551805227994919,0,NOT_AVAILABLE,step IDs not attached
23,34,9889,29691,61,584663040,1.5907678753137589,0,NOT_AVAILABLE,step IDs not attached
23,43,12590,16553,21,201277440,0.5217529833316803,0,NOT_AVAILABLE,step IDs not attached
23,45,12771,15830,10,95846400,0.24711806327104568,0,NOT_AVAILABLE,step IDs not attached
23,46,13492,14032,4,38338560,0.08978042751550674,0,NOT_AVAILABLE,step IDs not attached
23,48,14033,14033,1,9584640,0.021925196051597595,0,NOT_AVAILABLE,step IDs not attached
23,49,14392,18173,10,95846400,0.22360868752002716,0,NOT_AVAILABLE,step IDs not attached
23,50,14931,15832,2,19169280,0.04609208554029465,0,NOT_AVAILABLE,step IDs not attached
23,51,14393,18533,9,86261760,0.21012872457504272,0,NOT_AVAILABLE,step IDs not attached
23,52,15293,15652,3,28753920,0.06908737123012543,0,NOT_AVAILABLE,step IDs not attached
23,53,15831,15831,1,9584640,0.023045577108860016,0,NOT_AVAILABLE,step IDs not attached
23,55,16191,30049,67,642170880,1.6229832544922829,0,NOT_AVAILABLE,step IDs not attached
23,56,16192,30229,43,412139520,1.0154703631997108,0,NOT_AVAILABLE,step IDs not attached
23,57,16190,30230,78,747601920,1.9291164353489876,0,NOT_AVAILABLE,step IDs not attached
23,58,17090,30053,41,392970240,0.9373752400279045,0,NOT_AVAILABLE,step IDs not attached
23,60,17453,18532,3,28753920,0.06757490336894989,0,NOT_AVAILABLE,step IDs not attached
23,64,18893,30232,18,172523520,0.41931960731744766,0,NOT_AVAILABLE,step IDs not attached
23,66,19433,19433,1,9584640,0.02255477011203766,0,NOT_AVAILABLE,step IDs not attached
23,67,19789,29693,32,306708480,0.7988689467310905,0,NOT_AVAILABLE,step IDs not attached
23,70,20871,30231,37,354631680,0.8731670677661896,0,NOT_AVAILABLE,step IDs not attached
23,87,28432,30233,3,28753920,0.07009133696556091,0,NOT_AVAILABLE,step IDs not attached
24,0,24,11338,19,182108160,0.45327097177505493,0,NOT_AVAILABLE,step IDs not attached
24,1,246,30234,120,1150156800,3.1569935381412506,0,NOT_AVAILABLE,step IDs not attached
24,2,249,1619,7,67092480,0.1616617664694786,0,NOT_AVAILABLE,step IDs not attached
24,3,247,18539,75,718848000,1.8554860725998878,0,NOT_AVAILABLE,step IDs not attached
24,4,894,18359,94,900956160,2.418026328086853,0,NOT_AVAILABLE,step IDs not attached
24,5,897,10439,19,182108160,0.4434976726770401,0,NOT_AVAILABLE,step IDs not attached
24,6,898,1618,4,38338560,0.09522028267383575,0,NOT_AVAILABLE,step IDs not attached
24,7,1797,7559,17,162938880,0.4026656970381737,0,NOT_AVAILABLE,step IDs not attached
24,9,1799,2519,4,38338560,0.09585171937942505,0,NOT_AVAILABLE,step IDs not attached
24,10,2698,4319,6,57507840,0.14756061136722565,0,NOT_AVAILABLE,step IDs not attached
24,13,3779,3959,2,19169280,0.04409905523061752,0,NOT_AVAILABLE,step IDs not attached
24,15,3598,9538,11,105431040,0.25315675884485245,0,NOT_AVAILABLE,step IDs not attached
24,16,4494,17099,68,651755520,1.8618199974298477,0,NOT_AVAILABLE,step IDs not attached
24,17,4496,10618,19,182108160,0.4767393693327904,0,NOT_AVAILABLE,step IDs not attached
24,18,4499,7918,6,57507840,0.1674015074968338,0,NOT_AVAILABLE,step IDs not attached
24,19,5395,12059,32,306708480,0.7937392219901085,0,NOT_AVAILABLE,step IDs not attached
24,29,8819,8819,1,9584640,0.029647722840309143,0,NOT_AVAILABLE,step IDs not attached
24,30,8098,10619,7,67092480,0.18352922052145004,0,NOT_AVAILABLE,step IDs not attached
24,31,8997,9719,4,38338560,0.09421538561582565,0,NOT_AVAILABLE,step IDs not attached
24,34,9898,10259,3,28753920,0.06655603647232056,0,NOT_AVAILABLE,step IDs not attached
24,38,10798,12419,3,28753920,0.07922574877738953,0,NOT_AVAILABLE,step IDs not attached
24,39,10796,13318,8,76677120,0.20496267825365067,0,NOT_AVAILABLE,step IDs not attached
24,40,11695,14938,19,182108160,0.4956703633069992,0,NOT_AVAILABLE,step IDs not attached
24,41,11698,14219,9,86261760,0.22741872817277908,0,NOT_AVAILABLE,step IDs not attached
24,43,12596,15479,12,115015680,0.29214005917310715,0,NOT_AVAILABLE,step IDs not attached
24,46,13498,14218,3,28753920,0.07422547787427902,0,NOT_AVAILABLE,step IDs not attached
24,49,14395,18178,11,105431040,0.2696113660931587,0,NOT_AVAILABLE,step IDs not attached
24,50,14394,29699,39,373800960,1.047702506184578,0,NOT_AVAILABLE,step IDs not attached
24,51,15119,15119,1,9584640,0.02952665090560913,0,NOT_AVAILABLE,step IDs not attached
24,53,15837,16018,2,19169280,0.05793105810880661,0,NOT_AVAILABLE,step IDs not attached
24,54,15299,15838,2,19169280,0.043439678847789764,0,NOT_AVAILABLE,step IDs not attached
24,55,16195,30238,79,757186560,1.981840468943119,0,NOT_AVAILABLE,step IDs not attached
24,56,16196,30236,79,757186560,2.0321719348430634,0,NOT_AVAILABLE,step IDs not attached
24,57,16194,30235,79,757186560,1.9691875204443932,0,NOT_AVAILABLE,step IDs not attached
24,58,17094,30239,74,709263360,2.079082652926445,0,NOT_AVAILABLE,step IDs not attached
24,59,17819,18719,2,19169280,0.05759112536907196,0,NOT_AVAILABLE,step IDs not attached
24,64,18898,30237,64,613416960,1.5673553571105003,0,NOT_AVAILABLE,step IDs not attached
24,67,25199,26099,2,19169280,0.0443505123257637,0,NOT_AVAILABLE,step IDs not attached
24,91,27899,29879,3,28753920,0.06758607923984528,0,NOT_AVAILABLE,step IDs not attached
25,0,25,30242,114,1092648960,2.742905169725418,0,NOT_AVAILABLE,step IDs not attached
25,1,250,30060,108,1035141120,2.6335297152400017,0,NOT_AVAILABLE,step IDs not attached
25,2,252,29344,51,488816640,1.2223757803440094,0,NOT_AVAILABLE,step IDs not attached
25,3,253,4145,22,210862080,0.5100565031170845,0,NOT_AVAILABLE,step IDs not attached
25,4,900,30063,114,1092648960,3.0000628903508186,0,NOT_AVAILABLE,step IDs not attached
25,6,905,1625,5,47923200,0.1164320856332779,0,NOT_AVAILABLE,step IDs not attached
25,7,1805,3425,3,28753920,0.08287839591503143,0,NOT_AVAILABLE,step IDs not attached
25,8,1985,3965,5,47923200,0.11029280722141266,0,NOT_AVAILABLE,step IDs not attached
25,10,2704,4325,6,57507840,0.14339666813611984,0,NOT_AVAILABLE,step IDs not attached
25,12,3245,3245,1,9584640,0.021464191377162933,0,NOT_AVAILABLE,step IDs not attached
25,14,3605,7923,7,67092480,0.20022504031658173,0,NOT_AVAILABLE,step IDs not attached
25,16,4503,7205,13,124600320,0.3027766942977905,0,NOT_AVAILABLE,step IDs not attached
25,17,6125,6125,1,9584640,0.04133488982915878,0,NOT_AVAILABLE,step IDs not attached
25,18,4504,7385,13,124600320,0.30088145285844803,0,NOT_AVAILABLE,step IDs not attached
25,19,5405,5405,1,9584640,0.020451843738555908,0,NOT_AVAILABLE,step IDs not attached
25,20,5585,8825,6,57507840,0.16162265092134476,0,NOT_AVAILABLE,step IDs not attached
25,24,6485,8285,9,86261760,0.21532922983169556,0,NOT_AVAILABLE,step IDs not attached
25,25,7202,9005,5,47923200,0.12449733912944794,0,NOT_AVAILABLE,step IDs not attached
25,26,7200,25025,38,364216320,1.0428782552480698,0,NOT_AVAILABLE,step IDs not attached
25,29,8103,10265,13,124600320,0.30816346406936646,0,NOT_AVAILABLE,step IDs not attached
25,30,8100,12425,25,239616000,0.636945478618145,0,NOT_AVAILABLE,step IDs not attached
25,32,9002,15124,16,153354240,0.41283760219812393,0,NOT_AVAILABLE,step IDs not attached
25,34,9904,18363,21,201277440,0.5226396024227142,0,NOT_AVAILABLE,step IDs not attached
25,35,10624,10624,1,9584640,0.029686838388442993,0,NOT_AVAILABLE,step IDs not attached
25,37,10802,13504,8,76677120,0.19431393593549728,0,NOT_AVAILABLE,step IDs not attached
25,38,10800,30243,57,546324480,1.60249974578619,0,NOT_AVAILABLE,step IDs not attached
25,41,11702,13325,9,86261760,0.21799374371767044,0,NOT_AVAILABLE,step IDs not attached
25,43,12601,18725,14,134184960,0.36146771162748337,0,NOT_AVAILABLE,step IDs not attached
25,44,12603,14945,7,67092480,0.16443897038698196,0,NOT_AVAILABLE,step IDs not attached
25,50,14402,30244,77,738017280,1.8867431208491325,0,NOT_AVAILABLE,step IDs not attached
25,52,16022,29525,14,134184960,0.38770027458667755,0,NOT_AVAILABLE,step IDs not attached
25,53,15300,30240,84,805109760,2.5464193895459175,0,NOT_AVAILABLE,step IDs not attached
25,55,18904,29705,17,162938880,0.39070285856723785,0,NOT_AVAILABLE,step IDs not attached
25,56,16205,30241,66,632586240,1.6312254592776299,0,NOT_AVAILABLE,step IDs not attached
25,57,17645,29345,9,86261760,0.2071242779493332,0,NOT_AVAILABLE,step IDs not attached
25,58,17102,26824,17,162938880,0.4123179242014885,0,NOT_AVAILABLE,step IDs not attached
25,64,19085,30245,22,210862080,0.5152523517608643,0,NOT_AVAILABLE,step IDs not attached
25,68,20523,29523,10,95846400,0.3246776759624481,0,NOT_AVAILABLE,step IDs not attached
26,0,26,2351,19,182108160,0.47136563807725906,0,NOT_AVAILABLE,step IDs not attached
26,1,254,30247,158,1514373120,4.083709791302681,0,NOT_AVAILABLE,step IDs not attached
26,2,257,1631,10,95846400,0.23298710584640503,0,NOT_AVAILABLE,step IDs not attached
26,3,255,30249,91,872202240,2.2512851282954216,0,NOT_AVAILABLE,step IDs not attached
26,4,907,20531,42,402554880,1.0108314454555511,0,NOT_AVAILABLE,step IDs not attached
26,6,910,2531,6,57507840,0.1453980803489685,0,NOT_AVAILABLE,step IDs not attached
26,7,1806,26828,55,527155200,1.4420486986637115,0,NOT_AVAILABLE,step IDs not attached
26,9,1810,3431,10,95846400,0.22785458713769913,0,NOT_AVAILABLE,step IDs not attached
26,10,2710,5230,8,76677120,0.19563548266887665,0,NOT_AVAILABLE,step IDs not attached
26,13,3608,8651,19,182108160,0.4885755479335785,0,NOT_AVAILABLE,step IDs not attached
26,15,3791,7751,6,57507840,0.13467203825712204,0,NOT_AVAILABLE,step IDs not attached
26,16,4506,9729,22,210862080,0.5801599472761154,0,NOT_AVAILABLE,step IDs not attached
26,19,5406,10271,25,239616000,0.6499448791146278,0,NOT_AVAILABLE,step IDs not attached
26,22,6309,9191,12,115015680,0.2818414941430092,0,NOT_AVAILABLE,step IDs not attached
26,25,7206,19809,60,575078400,1.5619369223713875,0,NOT_AVAILABLE,step IDs not attached
26,28,8109,9190,6,57507840,0.144236721098423,0,NOT_AVAILABLE,step IDs not attached
26,30,9550,9550,1,9584640,0.022656284272670746,0,NOT_AVAILABLE,step IDs not attached
26,31,9007,19631,30,287539200,0.7614223286509514,0,NOT_AVAILABLE,step IDs not attached
26,34,9906,29710,90,862617600,2.5232257321476936,0,NOT_AVAILABLE,step IDs not attached
26,35,9910,13151,10,95846400,0.2628518268465996,0,NOT_AVAILABLE,step IDs not attached
26,36,10450,11351,2,19169280,0.04368927329778671,0,NOT_AVAILABLE,step IDs not attached
26,37,10811,13691,10,95846400,0.22944901138544083,0,NOT_AVAILABLE,step IDs not attached
26,42,12248,12248,1,9584640,0.022545456886291504,0,NOT_AVAILABLE,step IDs not attached
26,43,12607,21431,25,239616000,0.6326381117105484,0,NOT_AVAILABLE,step IDs not attached
26,45,12609,19451,20,191692800,0.4842737689614296,0,NOT_AVAILABLE,step IDs not attached
26,48,14049,15850,3,28753920,0.06849970668554306,0,NOT_AVAILABLE,step IDs not attached
26,51,15851,15851,1,9584640,0.02254638820886612,0,NOT_AVAILABLE,step IDs not attached
26,57,16390,30250,26,249200640,0.6136465817689896,0,NOT_AVAILABLE,step IDs not attached
26,58,17291,19810,10,95846400,0.23781321942806244,0,NOT_AVAILABLE,step IDs not attached
26,60,17649,24850,6,57507840,0.13251695781946182,0,NOT_AVAILABLE,step IDs not attached
26,64,18908,20711,9,86261760,0.19867252558469772,0,NOT_AVAILABLE,step IDs not attached
26,67,19806,30246,59,565493760,1.8195491284132004,0,NOT_AVAILABLE,step IDs not attached
26,68,24131,25031,2,19169280,0.057660043239593506,0,NOT_AVAILABLE,step IDs not attached
26,70,20707,30068,52,498401280,1.2989770621061325,0,NOT_AVAILABLE,step IDs not attached
26,73,21609,29529,34,325877760,0.8201748132705688,0,NOT_AVAILABLE,step IDs not attached
26,76,22507,30070,40,383385600,1.0448312386870384,0,NOT_AVAILABLE,step IDs not attached
26,87,25750,30251,6,57507840,0.1365477219223976,0,NOT_AVAILABLE,step IDs not attached
26,91,27009,30071,15,143769600,0.36600511521101,0,NOT_AVAILABLE,step IDs not attached
26,97,28809,30248,8,76677120,0.18383748829364777,0,NOT_AVAILABLE,step IDs not attached
27,0,27,30253,174,1667727360,4.382858984172344,0,NOT_AVAILABLE,step IDs not attached
27,1,258,30252,169,1619804160,5.074718967080116,0,NOT_AVAILABLE,step IDs not attached
27,2,261,7756,16,153354240,0.3674868494272232,0,NOT_AVAILABLE,step IDs not attached
27,3,260,30254,93,891371520,2.245364710688591,0,NOT_AVAILABLE,step IDs not attached
27,4,914,29536,105,1006387200,2.6763146743178368,0,NOT_AVAILABLE,step IDs not attached
27,6,917,1637,5,47923200,0.12046005576848984,0,NOT_AVAILABLE,step IDs not attached
27,7,1816,3977,9,86261760,0.209711492061615,0,NOT_AVAILABLE,step IDs not attached
27,9,1997,4157,5,47923200,0.1087011769413948,0,NOT_AVAILABLE,step IDs not attached
27,10,2716,6137,9,86261760,0.2314029261469841,0,NOT_AVAILABLE,step IDs not attached
27,13,3616,5417,11,105431040,0.26597920805215836,0,NOT_AVAILABLE,step IDs not attached
27,15,5957,5957,1,9584640,0.02097245305776596,0,NOT_AVAILABLE,step IDs not attached
27,16,4515,10637,12,115015680,0.2957889810204506,0,NOT_AVAILABLE,step IDs not attached
27,19,5415,10097,24,230031360,0.5867406725883484,0,NOT_AVAILABLE,step IDs not attached
27,22,6316,9736,11,105431040,0.26940926909446716,0,NOT_AVAILABLE,step IDs not attached
27,25,7215,18377,25,239616000,0.6025964394211769,0,NOT_AVAILABLE,step IDs not attached
27,29,8656,9556,2,19169280,0.043808482587337494,0,NOT_AVAILABLE,step IDs not attached
27,30,8657,9557,2,19169280,0.043468549847602844,0,NOT_AVAILABLE,step IDs not attached
27,34,9914,30077,70,670924800,1.8070172518491745,0,NOT_AVAILABLE,step IDs not attached
27,35,10456,13157,3,28753920,0.0697895884513855,0,NOT_AVAILABLE,step IDs not attached
27,37,10816,13337,9,86261760,0.2203434705734253,0,NOT_AVAILABLE,step IDs not attached
27,40,12437,12437,1,9584640,0.029025599360466003,0,NOT_AVAILABLE,step IDs not attached
27,42,12077,12257,2,19169280,0.0421963632106781,0,NOT_AVAILABLE,step IDs not attached
27,43,12616,15317,13,124600320,0.3152359277009964,0,NOT_AVAILABLE,step IDs not attached
27,45,13155,15857,4,38338560,0.0929366797208786,0,NOT_AVAILABLE,step IDs not attached
27,46,13517,14237,2,19169280,0.05025789141654968,0,NOT_AVAILABLE,step IDs not attached
27,48,14057,14957,2,19169280,0.04599243402481079,0,NOT_AVAILABLE,step IDs not attached
27,49,14417,16037,3,28753920,0.08292961865663528,0,NOT_AVAILABLE,step IDs not attached
27,52,15315,29716,47,450478080,1.1938363313674927,0,NOT_AVAILABLE,step IDs not attached
27,53,15856,20356,4,38338560,0.08669495582580566,0,NOT_AVAILABLE,step IDs not attached
27,55,16937,16937,1,9584640,0.029927119612693787,0,NOT_AVAILABLE,step IDs not attached
27,57,16217,29356,16,153354240,0.35605765879154205,0,NOT_AVAILABLE,step IDs not attached
27,58,17115,26837,9,86261760,0.23281481117010117,0,NOT_AVAILABLE,step IDs not attached
27,60,17476,29357,9,86261760,0.2057356759905815,0,NOT_AVAILABLE,step IDs not attached
27,61,18017,19097,4,38338560,0.0886889174580574,0,NOT_AVAILABLE,step IDs not attached
27,64,18912,30255,64,613416960,1.7836671322584152,0,NOT_AVAILABLE,step IDs not attached
27,67,19815,30256,52,498401280,1.258624717593193,0,NOT_AVAILABLE,step IDs not attached
27,70,20897,21077,2,19169280,0.044910237193107605,0,NOT_AVAILABLE,step IDs not attached
27,74,28457,28457,1,9584640,0.022666528820991516,0,NOT_AVAILABLE,step IDs not attached
27,76,22697,28276,9,86261760,0.2108318731188774,0,NOT_AVAILABLE,step IDs not attached
27,82,24497,29897,4,38338560,0.09248405694961548,0,NOT_AVAILABLE,step IDs not attached
27,85,25217,26297,4,38338560,0.08849799633026123,0,NOT_AVAILABLE,step IDs not attached
27,97,30257,30257,1,9584640,0.02195499837398529,0,NOT_AVAILABLE,step IDs not attached
28,0,28,745,10,95846400,0.26561878621578217,0,NOT_AVAILABLE,step IDs not attached
28,1,262,9743,55,527155200,1.3605691492557526,0,NOT_AVAILABLE,step IDs not attached
28,2,264,1642,10,95846400,0.23385975509881973,0,NOT_AVAILABLE,step IDs not attached
28,3,263,4343,25,239616000,0.6035100668668747,0,NOT_AVAILABLE,step IDs not attached
28,4,918,7043,34,325877760,0.8836481720209122,0,NOT_AVAILABLE,step IDs not attached
28,5,921,2543,10,95846400,0.2358611673116684,0,NOT_AVAILABLE,step IDs not attached
28,6,923,1643,5,47923200,0.11708401143550873,0,NOT_AVAILABLE,step IDs not attached
28,7,1818,7583,31,297123840,0.7808171212673187,0,NOT_AVAILABLE,step IDs not attached
28,9,1822,3443,10,95846400,0.23278873413801193,0,NOT_AVAILABLE,step IDs not attached
28,10,2718,7943,22,210862080,0.5986476317048073,0,NOT_AVAILABLE,step IDs not attached
28,13,3622,5243,10,95846400,0.23929588496685028,0,NOT_AVAILABLE,step IDs not attached
28,16,4518,11543,39,373800960,1.0085934773087502,0,NOT_AVAILABLE,step IDs not attached
28,19,5418,30262,108,1035141120,2.5930218398571014,0,NOT_AVAILABLE,step IDs not attached
28,21,5961,6863,2,19169280,0.04541222006082535,0,NOT_AVAILABLE,step IDs not attached
28,22,6320,11363,26,249200640,0.6325263530015945,0,NOT_AVAILABLE,step IDs not attached
28,25,7218,30258,129,1236418560,3.8079312071204185,0,NOT_AVAILABLE,step IDs not attached
28,27,7763,7763,1,9584640,0.023807398974895477,0,NOT_AVAILABLE,step IDs not attached
28,28,8123,8842,5,47923200,0.12349523603916168,0,NOT_AVAILABLE,step IDs not attached
28,31,9019,30261,119,1140572160,3.0364710837602615,0,NOT_AVAILABLE,step IDs not attached
28,34,9921,15863,16,153354240,0.4145372658967972,0,NOT_AVAILABLE,step IDs not attached
28,37,10818,30259,109,1044725760,3.0354931950569153,0,NOT_AVAILABLE,step IDs not attached
28,40,11720,30263,103,987217920,2.4562478065490723,0,NOT_AVAILABLE,step IDs not attached
28,43,12622,15143,15,143769600,0.357029028236866,0,NOT_AVAILABLE,step IDs not attached
28,52,15323,16042,4,38338560,0.10034628212451935,0,NOT_AVAILABLE,step IDs not attached
28,55,16220,30260,79,757186560,1.958617940545082,0,NOT_AVAILABLE,step IDs not attached
28,61,18743,29723,31,297123840,0.7969597354531288,0,NOT_AVAILABLE,step IDs not attached
28,76,28463,28463,1,9584640,0.021925196051597595,0,NOT_AVAILABLE,step IDs not attached
29,0,29,749,10,95846400,0.27539394795894623,0,NOT_AVAILABLE,step IDs not attached
29,1,266,30264,169,1619804160,5.2078114822506905,0,NOT_AVAILABLE,step IDs not attached
29,2,268,30265,121,1159741440,2.833799459040165,0,NOT_AVAILABLE,step IDs not attached
29,3,267,22169,36,345047040,0.8586756885051727,0,NOT_AVAILABLE,step IDs not attached
29,4,925,5608,15,143769600,0.35177450627088547,0,NOT_AVAILABLE,step IDs not attached
29,5,927,30267,159,1523957760,3.8142679259181023,0,NOT_AVAILABLE,step IDs not attached
29,6,929,1649,5,47923200,0.11580344289541245,0,NOT_AVAILABLE,step IDs not attached
29,7,1825,30089,128,1226833920,3.2381098717451096,0,NOT_AVAILABLE,step IDs not attached
29,8,2367,30266,101,968048640,2.3965947329998016,0,NOT_AVAILABLE,step IDs not attached
29,10,2729,3449,3,28753920,0.07427670061588287,0,NOT_AVAILABLE,step IDs not attached
29,11,3269,3269,1,9584640,0.022084452211856842,0,NOT_AVAILABLE,step IDs not attached
29,13,3627,5428,9,86261760,0.20937994122505188,0,NOT_AVAILABLE,step IDs not attached
29,14,5249,5249,1,9584640,0.035305507481098175,0,NOT_AVAILABLE,step IDs not attached
29,15,3626,30269,145,1389772800,3.478551283478737,0,NOT_AVAILABLE,step IDs not attached
29,20,6148,6148,1,9584640,0.03634672611951828,0,NOT_AVAILABLE,step IDs not attached
29,21,5789,5969,2,19169280,0.04314817488193512,0,NOT_AVAILABLE,step IDs not attached
29,23,6327,7948,4,38338560,0.1017395406961441,0,NOT_AVAILABLE,step IDs not attached
29,24,6329,6869,4,38338560,0.08865818381309509,0,NOT_AVAILABLE,step IDs not attached
29,25,7228,7949,3,28753920,0.07065199315547943,0,NOT_AVAILABLE,step IDs not attached
29,26,7947,8849,2,19169280,0.05960371345281601,0,NOT_AVAILABLE,step IDs not attached
29,27,7227,9569,9,86261760,0.20156428217887878,0,NOT_AVAILABLE,step IDs not attached
29,29,8848,8848,1,9584640,0.03798026591539383,0,NOT_AVAILABLE,step IDs not attached
29,33,9028,9748,4,38338560,0.09607058018445969,0,NOT_AVAILABLE,step IDs not attached
29,35,9927,11549,3,28753920,0.0843023881316185,0,NOT_AVAILABLE,step IDs not attached
29,36,9928,10649,5,47923200,0.12465659528970718,0,NOT_AVAILABLE,step IDs not attached
29,37,10827,13529,9,86261760,0.22124778479337692,0,NOT_AVAILABLE,step IDs not attached
29,38,11369,11369,1,9584640,0.02259574830532074,0,NOT_AVAILABLE,step IDs not attached
29,40,11729,11729,1,9584640,0.021482817828655243,0,NOT_AVAILABLE,step IDs not attached
29,41,11726,23969,22,210862080,0.5270233377814293,0,NOT_AVAILABLE,step IDs not attached
29,52,16049,16049,1,9584640,0.028745271265506744,0,NOT_AVAILABLE,step IDs not attached
29,53,20369,24869,2,19169280,0.04877708852291107,0,NOT_AVAILABLE,step IDs not attached
29,58,17128,22349,11,105431040,0.30614715069532394,0,NOT_AVAILABLE,step IDs not attached
29,73,25049,25049,1,9584640,0.031218864023685455,0,NOT_AVAILABLE,step IDs not attached
29,87,25229,30268,12,115015680,0.28808973729610443,0,NOT_AVAILABLE,step IDs not attached
29,94,27928,29909,8,76677120,0.20475313067436218,0,NOT_AVAILABLE,step IDs not attached
