category,source,operation,device,stream,shape_or_scope,synchronization,parent,timing_class
PROCESS_WALL,inference.py:257-523,inference loop / subprocess,CPU+GPU,default/implicit,"includes setup, inference, VAE, CPU conversion, video write",no,NONE,WORK_TIME; critical path
MODEL_SETUP,inference.py:154-223,CausalInferencePipeline + model/VAE placement,CPU/GPU,default,model load and device placement; synchronous setup,no,PROCESS_WALL,WORK_TIME; critical path
E2E_INFERENCE,pipeline/causal_inference.py:190-461,CausalInferencePipeline.inference,GPU with CPU orchestration,default/implicit,"e2e_start to e2e_end; includes text encode, diffusion, VAE decode",no,PROCESS_WALL,WORK_TIME; critical path
TRANSFORMER_TOTAL,pipeline/causal_inference.py:276-405,transformer_start to transformer_end,GPU with CPU orchestration,default/implicit,"all generation units, denoising steps, cache update and CPU routing",no,E2E_INFERENCE,WORK_TIME; critical path
GENERATION_UNIT,pipeline/causal_inference.py:279-403,outer current_num_frames loop,GPU,default/implicit,40 units for num_output_frames=120 and 3 frames/block,no,TRANSFORMER_TOTAL,WORK_TIME; critical path
DENOISING_STEP,pipeline/causal_inference.py:326-367,inner denoising_step_list loop,GPU,default/implicit,"4 generator calls per unit, plus one context-timestep cache-update call",no,GENERATION_UNIT,WORK_TIME; critical path
QKV_PROJECTION,wan/modules/causal_model_latentmem.py:505-523,q/k/v linear projections,GPU,default,"Q,K,V projections; exact per-call shape not separately persisted",no,SELF_ATTN_WRAPPER,WORK_TIME; critical path
ROPE,"wan/modules/causal_model_latentmem.py:631-660,702-725",causal_online_rope,GPU,default,query and cached K RoPE; profiling bucket norm_rope,no,SELF_ATTN_WRAPPER,WORK_TIME; critical path
CACHE_BOOKKEEPING,"wan/modules/causal_model_latentmem.py:570-630,682-740",rolling/direct insert and eviction,GPU+CPU,default,"clone, roll, insert, CPU historical offload; non_blocking CPU copies",no,SELF_ATTN_WRAPPER,WORK_TIME; critical path
ROUTING_SCORE,utils/persistent_draftmap.py:19-35,_pool/einsum/softmax/mean,GPU,default,64-token pooled Q/K and DraftMap scores for Group14.1,no,SELF_ATTN_WRAPPER,WORK_TIME; critical path unless overlapped
BLOCK_SELECTION,utils/persistent_draftmap.py:37-43,stable sort/top-k-equivalent and ID construction,GPU+CPU,default,retain ceil(0.70*K) blocks; IDs copied to CPU for trace,possible implicit sync via cpu(),SELF_ATTN_WRAPPER,WORK_TIME; critical path
H2D,wan/modules/causal_model_latentmem.py:801-887,"archive.fetch or tensor.to(device, non_blocking=True)",CPU->GPU,default (no explicit copy stream),Group12/14 historical K/V fetch; rows say source_pinned_memory=false,no explicit event/wait in target path,SELF_ATTN_WRAPPER,WORK_TIME; exposed critical path
DEQUANT_DECODE,utils/persistent_kv_storage.py:...; archive.fetch call,compressed archive fetch/dequant,GPU/CPU dependent,default/implicit,source-level call exists through archive.fetch; exact operation boundary not separately persisted,NOT_AVAILABLE,SELF_ATTN_WRAPPER,WORK_TIME; exposed critical path
GATHER_REPACK,utils/persistent_draftmap.py:40-43; causal_model_latentmem.py:891-902,torch.gather/stack/view/cat,GPU,default,Group14 selected K/V gather and dense repack; Group12 still stack/cat retrieved KV,no explicit event,SELF_ATTN_WRAPPER,WORK_TIME; exposed critical path
MASK_LAYOUT,wan/modules/attention.py:...,FlashAttention varlen metadata or SDPA layout,GPU,default,exact mask path depends on backend; no target runtime flag,no,ATTENTION_KERNEL,WORK_TIME; critical path
ATTENTION_KERNEL,wan/modules/attention.py:139-185,attention() -> flash_attention or SDPA,GPU,default,Group12 K/V lengths vary; Group14 actual dense gathered K/V lengths are smaller,no,SELF_ATTN_WRAPPER,WORK_TIME; critical path
OUTPUT_PROJECTION,wan/modules/causal_model_latentmem.py:969-977,self.o,GPU,default,profile bucket attention_output_projection,no,SELF_ATTN_WRAPPER,WORK_TIME; critical path
FFN,generator block forward; transformer model source,FFN/MLP + cross attention,GPU,default,profile bucket FFN_MLP_and_cross_attention,no,TRANSFORMER_BLOCK,WORK_TIME; critical path
VAE_DECODE,pipeline/causal_inference.py:415-439,vae.decode_to_pixel_chunk,GPU,default,outside transformer interval; synchronized when profile=True,yes at profile boundary,E2E_INFERENCE,WORK_TIME; critical path
VIDEO_CPU_OUTPUT,inference.py:344-374,rearrange/.cpu/write_video,GPU->CPU then CPU,default/implicit,video tensor copied to CPU then encoded/written,implicit sync from cpu(),PROCESS_WALL,WORK_TIME; critical path
SYNC_WAIT,"pipeline/causal_inference.py:273,398,410,420,437",torch.cuda.synchronize,CPU waits for default device,default device,explicit global synchronization at profile boundaries,yes,parent boundary,SYNC_WAIT; exposed critical path
