variant,case,metric,unit,value,source
direct_prediction,case_01,PREFETCH_REQUESTS,count,29261,direct_runtime
direct_prediction,case_01,DIRECT_PREFETCH_CONSUMED,count,5046,direct_runtime
direct_prediction,case_01,PREFETCH_STATE_MISS,count,1009,direct_runtime
direct_prediction,case_01,DIRECT_PREFETCH_BOOTSTRAP_COUNT,count,954,direct_runtime
direct_prediction,case_01,NEXT_LAYER_HISTORY_RETRIEVAL_CALLS,count,0,direct_runtime
direct_prediction,case_01,CORRECTION_FETCH_COUNT,count,0,direct_runtime
direct_prediction,case_01,RECONCILIATION_COUNT,count,0,direct_runtime
direct_prediction,case_01,ATTENTION_CALLS,count,6000,direct_runtime
direct_prediction,case_01,E2E_INFERENCE,s,108.75275353621691,direct_runtime
direct_prediction,case_01,TRANSFORMER,s,96.01158509682864,direct_runtime
direct_prediction,case_01,SELF_ATTN_WRAPPER,s,83.2113306261599,direct_runtime
direct_prediction,case_01,WRAPPER,s,12.741168439388275,direct_runtime
direct_prediction,case_01,DRAFTMAP_RETRIEVAL,s,0.24727758765220642,direct_runtime
direct_prediction,case_01,HOST_ID_CONTROL,s,0.08949714340269566,direct_runtime
direct_prediction,case_01,PREFETCH_PREPARE,s,1.4839325230568647,direct_runtime
direct_prediction,case_01,PREFETCH_H2D_WORK,s,0.09024777616560459,direct_runtime
direct_prediction,case_01,PREFETCH_H2D_EXPOSED,s,0.0021707840166054664,direct_runtime
direct_prediction,case_01,PREFETCH_H2D_HIDDEN,s,0.08807699214899913,direct_runtime
direct_prediction,case_01,PREFETCH_WAIT_EVENT,s,0.0021707840166054664,direct_runtime
direct_prediction,case_01,ATTENTION_KERNEL,s,,not separately emitted by existing runtime
direct_prediction,case_01,PREFETCH_FULLY_HIDDEN_RATE,fraction,0.996031746031746,direct_runtime
direct_prediction,case_01,AVAILABLE_OVERLAP_WINDOW_MEDIAN,ms,13.641341,direct_runtime
direct_prediction,case_01,PREFETCH_H2D_WORK_MEDIAN,ms,0.17712000012397766,direct_runtime
direct_prediction,case_01,PREFETCH_H2D_EXPOSED_MEDIAN,ms,0.004095999989658594,direct_runtime
direct_prediction,case_01,HOST_CONTROL_MEDIAN,ms,0.017556361854076385,direct_runtime
direct_prediction,case_01,PREFETCH_PREPARE_MEDIAN,ms,0.2823192626237869,direct_runtime
direct_prediction,case_01,ROUTING_MEDIAN,ms,1.2416746467351913,direct_runtime
direct_prediction,case_01,ROUTING_P95,ms,1.9912824500352144,direct_runtime
direct_prediction,case_01,CURRENT_Q_E2E,s,118.08810691162944,matched_current_q_reference
direct_prediction,case_01,CURRENT_Q_TRANSFORMER,s,105.35057983919978,matched_current_q_reference
direct_prediction,case_01,CURRENT_Q_SELF_ATTN_WRAPPER,s,92.60180403664708,matched_current_q_reference
direct_prediction,case_01,CURRENT_Q_WRAPPER,s,12.737527072429657,matched_current_q_reference
direct_prediction,case_01,DELTA_E2E_DIRECT_MINUS_CURRENT_Q,s,-9.335353375412524,direct_runtime
direct_prediction,case_01,DELTA_TRANSFORMER_DIRECT_MINUS_CURRENT_Q,s,-9.338994742371142,direct_runtime
direct_prediction,case_01,DELTA_SELF_ATTN_WRAPPER_DIRECT_MINUS_CURRENT_Q,s,-9.390473410487175,direct_runtime
direct_prediction,case_01,DELTA_WRAPPER_DIRECT_MINUS_CURRENT_Q,s,0.003641366958618164,direct_runtime
