phase,count,total_s,mean_ms,p50_ms,p90_ms,p95_ms,p99_ms,max_ms,source_note
retrieval_bookkeeping,5220,0.0036177262663841248,0.0006930510088858477,0.0005904585123062134,0.0007925555109977722,0.000910833477973938,0.004165805876255035,0.028374604880809784,v3 targeted hook
cpu_archive_lookup,5220,0.0036177262663841248,0.0006930510088858477,0.0005904585123062134,0.0007925555109977722,0.000910833477973938,0.004165805876255035,0.028374604880809784,v3 targeted hook
selected_k_prep,5220,0.4872336806729436,0.09333978556952942,0.09003933519124985,0.1123473048210144,0.12130942195653915,0.14798343181610107,0.8670967072248459,v3 targeted hook
selected_v_prep,5220,0.3546045506373048,0.06793190625235723,0.06369967013597488,0.0845007598400116,0.09096134454011917,0.10702759027481079,2.7374187484383583,v3 targeted hook
k_to_device_host,5220,0.4872336806729436,0.09333978556952942,0.09003933519124985,0.1123473048210144,0.12130942195653915,0.14798343181610107,0.8670967072248459,v3 targeted hook
v_to_device_host,5220,0.3546045506373048,0.06793190625235723,0.06369967013597488,0.0845007598400116,0.09096134454011917,0.10702759027481079,2.7374187484383583,v3 targeted hook
k_gather_index,5220,0.09407015889883041,0.018021103237323834,0.016976147890090942,0.020026694983243942,0.020792707800865173,0.025970395654439926,1.244240440428257,v3 targeted hook
v_gather_index,5220,0.09407015889883041,0.018021103237323834,0.016976147890090942,0.020026694983243942,0.020792707800865173,0.025970395654439926,1.244240440428257,v3 targeted hook
k_cat,5220,0.05730207450687885,0.010977408909363764,0.010546762496232986,0.012449454516172409,0.013345852494239807,0.016496051102876663,0.04616193473339081,v3 targeted hook
v_cat,5220,0.05730207450687885,0.010977408909363764,0.010546762496232986,0.012449454516172409,0.013345852494239807,0.016496051102876663,0.04616193473339081,v3 targeted hook
fetch_end_to_end,5220,13.46050849556923,2.5786414742469788,2.612585201859474,2.653668634593487,2.677425742149353,2.8469208627939224,17.246345058083534,v3 targeted hook
bf16_attention_call_host,6000,1.9261962436139584,0.3210327072689931,0.29080361127853394,0.42091868817806244,0.4454366862773895,0.5452325567603111,3.190218470990658,v3 targeted hook
