denoising_step,current_chunk_id,draftmap_calls,history_chunks_mean,candidate_chunks_mean,selected_chunks_mean,draft_q_pool_ms,draft_score_ms,draft_aggregate_ms,draft_topk_ms,attention_wall_ms,unattributed_step_wall_ms,note
0,102,30,90.0,85.0,6.0,2.8277188539505005,53.32612153142691,0.0,0.7613776251673698,NOT_AVAILABLE,NOT_AVAILABLE,step wall timer not attached
0,105,30,93.0,88.0,6.0,2.874269150197506,53.996216505765915,0.0,0.7730498909950256,NOT_AVAILABLE,NOT_AVAILABLE,step wall timer not attached
0,108,30,96.0,91.0,6.0,2.9508881270885468,54.87652588635683,0.0,0.7650218904018402,NOT_AVAILABLE,NOT_AVAILABLE,step wall timer not attached
0,111,30,99.0,94.0,6.0,3.031400963664055,55.733599700033665,0.0,0.7648207247257233,NOT_AVAILABLE,NOT_AVAILABLE,step wall timer not attached
0,114,30,102.0,97.0,6.0,3.1092092394828796,56.92912079393864,0.0,0.7614288479089737,NOT_AVAILABLE,NOT_AVAILABLE,step wall timer not attached
0,117,30,105.0,100.0,6.0,3.185301087796688,57.397907599806786,0.0,0.7625268772244453,NOT_AVAILABLE,NOT_AVAILABLE,step wall timer not attached
0,120,30,108.0,103.0,6.0,3.321133553981781,58.776664547622204,0.0,0.7736356928944588,NOT_AVAILABLE,NOT_AVAILABLE,step wall timer not attached
0,18,30,6.0,1.0,1.0,0.15608221292495728,11.644002050161362,0.0,0.4466027021408081,NOT_AVAILABLE,NOT_AVAILABLE,step wall timer not attached
0,21,30,9.0,4.0,4.0,0.25348272174596786,16.27098210155964,0.0,0.7060924544930458,NOT_AVAILABLE,NOT_AVAILABLE,step wall timer not attached
0,24,30,12.0,7.0,6.0,0.38637779653072357,29.85395025461912,0.0,0.7292777299880981,NOT_AVAILABLE,NOT_AVAILABLE,step wall timer not attached
0,27,30,15.0,10.0,6.0,0.481300987303257,30.470690689980984,0.0,0.7186699658632278,NOT_AVAILABLE,NOT_AVAILABLE,step wall timer not attached
0,30,30,18.0,13.0,6.0,0.5204565823078156,31.590349972248077,0.0,0.7328614592552185,NOT_AVAILABLE,NOT_AVAILABLE,step wall timer not attached
0,33,30,21.0,16.0,6.0,0.6273677572607994,32.90972951799631,0.0,0.7244963198900223,NOT_AVAILABLE,NOT_AVAILABLE,step wall timer not attached
0,36,30,24.0,19.0,6.0,0.7444238290190697,33.5228955373168,0.0,0.7227323949337006,NOT_AVAILABLE,NOT_AVAILABLE,step wall timer not attached
0,39,30,27.0,22.0,6.0,0.8141146972775459,34.647551365196705,0.0,0.7277242839336395,NOT_AVAILABLE,NOT_AVAILABLE,step wall timer not attached
0,42,30,30.0,25.0,6.0,0.8918186649680138,34.893905743956566,0.0,0.7189987227320671,NOT_AVAILABLE,NOT_AVAILABLE,step wall timer not attached
0,45,30,33.0,28.0,6.0,0.9839404374361038,35.987251438200474,0.0,0.7462399080395699,NOT_AVAILABLE,NOT_AVAILABLE,step wall timer not attached
0,48,30,36.0,31.0,6.0,1.0750433430075645,36.379323340952396,0.0,0.7315464317798615,NOT_AVAILABLE,NOT_AVAILABLE,step wall timer not attached
0,51,30,39.0,34.0,6.0,1.187218353152275,36.854811012744904,0.0,0.7327627390623093,NOT_AVAILABLE,NOT_AVAILABLE,step wall timer not attached
0,54,30,42.0,37.0,6.0,1.2691235169768333,37.861752323806286,0.0,0.7474254816770554,NOT_AVAILABLE,NOT_AVAILABLE,step wall timer not attached
0,57,30,45.0,40.0,6.0,1.342926174402237,38.827043026685715,0.0,0.7345816120505333,NOT_AVAILABLE,NOT_AVAILABLE,step wall timer not attached
0,60,30,48.0,43.0,6.0,1.4131758362054825,40.52375257015228,0.0,0.7336298003792763,NOT_AVAILABLE,NOT_AVAILABLE,step wall timer not attached
0,63,30,51.0,46.0,6.0,1.5414506196975708,41.809206828475,0.0,0.7327096536755562,NOT_AVAILABLE,NOT_AVAILABLE,step wall timer not attached
0,66,30,54.0,49.0,6.0,1.6211681067943573,42.794968001544476,0.0,0.7361825555562973,NOT_AVAILABLE,NOT_AVAILABLE,step wall timer not attached
0,69,30,57.0,52.0,6.0,1.7282478511333466,42.72158071398735,0.0,0.7432280108332634,NOT_AVAILABLE,NOT_AVAILABLE,step wall timer not attached
0,72,30,60.0,55.0,6.0,1.833106391131878,43.879302218556404,0.0,0.7456904277205467,NOT_AVAILABLE,NOT_AVAILABLE,step wall timer not attached
0,75,30,63.0,58.0,6.0,1.9108913838863373,42.094978503882885,0.0,0.7509235292673111,NOT_AVAILABLE,NOT_AVAILABLE,step wall timer not attached
0,78,30,66.0,61.0,6.0,1.988791860640049,45.63983902335167,0.0,0.7417676970362663,NOT_AVAILABLE,NOT_AVAILABLE,step wall timer not attached
0,81,30,69.0,64.0,6.0,2.0444244146347046,47.13244456797838,0.0,0.7570283487439156,NOT_AVAILABLE,NOT_AVAILABLE,step wall timer not attached
0,84,30,72.0,67.0,6.0,2.156314440071583,45.832425355911255,0.0,0.7553491741418839,NOT_AVAILABLE,NOT_AVAILABLE,step wall timer not attached
0,87,30,75.0,70.0,6.0,2.252214588224888,48.43834415078163,0.0,0.7511191070079803,NOT_AVAILABLE,NOT_AVAILABLE,step wall timer not attached
0,90,30,78.0,73.0,6.0,2.3911194875836372,49.4682639837265,0.0,0.7578311488032341,NOT_AVAILABLE,NOT_AVAILABLE,step wall timer not attached
0,93,30,81.0,76.0,6.0,2.4799825623631477,50.435773096978664,0.0,0.7543563842773438,NOT_AVAILABLE,NOT_AVAILABLE,step wall timer not attached
0,96,30,84.0,79.0,6.0,2.5586597621440887,51.52523424476385,0.0,0.7594749331474304,NOT_AVAILABLE,NOT_AVAILABLE,step wall timer not attached
0,99,30,87.0,82.0,6.0,2.637007273733616,52.194731310009956,0.0,0.7617687806487083,NOT_AVAILABLE,NOT_AVAILABLE,step wall timer not attached
1000,102,30,90.0,85.0,6.0,2.9314765706658363,42.060334235429764,0.0,1.0196315124630928,NOT_AVAILABLE,NOT_AVAILABLE,step wall timer not attached
1000,105,30,93.0,88.0,6.0,3.1043309718370438,43.96738950163126,0.0,1.0350272059440613,NOT_AVAILABLE,NOT_AVAILABLE,step wall timer not attached
1000,108,30,96.0,91.0,6.0,3.0108364298939705,43.8240896910429,0.0,1.032387837767601,NOT_AVAILABLE,NOT_AVAILABLE,step wall timer not attached
1000,111,30,99.0,94.0,6.0,3.1867800280451775,45.18700949847698,0.0,1.0289764031767845,NOT_AVAILABLE,NOT_AVAILABLE,step wall timer not attached
1000,114,30,102.0,97.0,6.0,3.2275235280394554,46.25863675028086,0.0,1.0295705869793892,NOT_AVAILABLE,NOT_AVAILABLE,step wall timer not attached
1000,117,30,105.0,100.0,6.0,3.3299168571829796,47.19901271164417,0.0,1.0233977809548378,NOT_AVAILABLE,NOT_AVAILABLE,step wall timer not attached
1000,18,30,6.0,1.0,1.0,0.19115302711725235,13.110204599797726,0.0,0.7071895524859428,NOT_AVAILABLE,NOT_AVAILABLE,step wall timer not attached
1000,21,30,9.0,4.0,4.0,0.3052903339266777,13.77084106206894,0.0,0.9949402883648872,NOT_AVAILABLE,NOT_AVAILABLE,step wall timer not attached
1000,24,30,12.0,7.0,6.0,0.43665245175361633,14.8664815351367,0.0,1.0299338027834892,NOT_AVAILABLE,NOT_AVAILABLE,step wall timer not attached
1000,27,30,15.0,10.0,6.0,0.5439845845103264,15.926165506243706,0.0,1.0325824841856956,NOT_AVAILABLE,NOT_AVAILABLE,step wall timer not attached
1000,30,30,18.0,13.0,6.0,0.6071096286177635,16.953034326434135,0.0,1.0087303817272186,NOT_AVAILABLE,NOT_AVAILABLE,step wall timer not attached
1000,33,30,21.0,16.0,6.0,0.7110033184289932,18.061536364257336,0.0,1.0402007028460503,NOT_AVAILABLE,NOT_AVAILABLE,step wall timer not attached
1000,36,30,24.0,19.0,6.0,0.7989946752786636,19.034534692764282,0.0,1.00021343678236,NOT_AVAILABLE,NOT_AVAILABLE,step wall timer not attached
1000,39,30,27.0,22.0,6.0,0.8866377174854279,20.033217035233974,0.0,0.9983060881495476,NOT_AVAILABLE,NOT_AVAILABLE,step wall timer not attached
1000,42,30,30.0,25.0,6.0,0.9830528870224953,21.20797336101532,0.0,1.0367128998041153,NOT_AVAILABLE,NOT_AVAILABLE,step wall timer not attached
1000,45,30,33.0,28.0,6.0,1.0761888697743416,22.13204838335514,0.0,1.0143136605620384,NOT_AVAILABLE,NOT_AVAILABLE,step wall timer not attached
1000,48,30,36.0,31.0,6.0,1.1329110711812973,23.061295971274376,0.0,0.9948574006557465,NOT_AVAILABLE,NOT_AVAILABLE,step wall timer not attached
1000,51,30,39.0,34.0,6.0,1.2491513043642044,24.12944007664919,0.0,1.0212799534201622,NOT_AVAILABLE,NOT_AVAILABLE,step wall timer not attached
1000,54,30,42.0,37.0,6.0,1.318853348493576,25.235208682715893,0.0,0.9942222386598587,NOT_AVAILABLE,NOT_AVAILABLE,step wall timer not attached
1000,57,30,45.0,40.0,6.0,1.4421716332435608,26.42172109335661,0.0,1.0310709476470947,NOT_AVAILABLE,NOT_AVAILABLE,step wall timer not attached
1000,60,30,48.0,43.0,6.0,1.5136105939745903,27.820446528494358,0.0,1.0157208889722824,NOT_AVAILABLE,NOT_AVAILABLE,step wall timer not attached
1000,63,30,51.0,46.0,6.0,1.6109496355056763,28.41566689312458,0.0,1.042032614350319,NOT_AVAILABLE,NOT_AVAILABLE,step wall timer not attached
1000,66,30,54.0,49.0,6.0,1.7040688544511795,29.37729936093092,0.0,1.0134819895029068,NOT_AVAILABLE,NOT_AVAILABLE,step wall timer not attached
1000,69,30,57.0,52.0,6.0,1.797633245587349,30.449203215539455,0.0,1.0107764974236488,NOT_AVAILABLE,NOT_AVAILABLE,step wall timer not attached
1000,72,30,60.0,55.0,6.0,1.9078329205513,31.4300749450922,0.0,1.0324139147996902,NOT_AVAILABLE,NOT_AVAILABLE,step wall timer not attached
1000,75,30,63.0,58.0,6.0,1.986541785299778,33.34455657750368,0.0,1.0391883552074432,NOT_AVAILABLE,NOT_AVAILABLE,step wall timer not attached
1000,78,30,66.0,61.0,6.0,2.0357556641101837,33.37102197110653,0.0,1.004447229206562,NOT_AVAILABLE,NOT_AVAILABLE,step wall timer not attached
1000,81,30,69.0,64.0,6.0,2.1559083834290504,34.53401941806078,0.0,1.0074730962514877,NOT_AVAILABLE,NOT_AVAILABLE,step wall timer not attached
1000,84,30,72.0,67.0,6.0,2.2803498432040215,36.15491557866335,0.0,1.0262839496135712,NOT_AVAILABLE,NOT_AVAILABLE,step wall timer not attached
1000,87,30,75.0,70.0,6.0,2.3960331454873085,36.61002777516842,0.0,1.0043689981102943,NOT_AVAILABLE,NOT_AVAILABLE,step wall timer not attached
1000,90,30,78.0,73.0,6.0,3.691992722451687,40.94819072633982,0.0,1.0368460789322853,NOT_AVAILABLE,NOT_AVAILABLE,step wall timer not attached
1000,93,30,81.0,76.0,6.0,2.5491826236248016,39.34305161237717,0.0,1.0123001411557198,NOT_AVAILABLE,NOT_AVAILABLE,step wall timer not attached
1000,96,30,84.0,79.0,6.0,2.670985646545887,39.84375484287739,0.0,1.0136524215340614,NOT_AVAILABLE,NOT_AVAILABLE,step wall timer not attached
1000,99,30,87.0,82.0,6.0,2.7314433827996254,41.10550321638584,0.0,1.0277209803462029,NOT_AVAILABLE,NOT_AVAILABLE,step wall timer not attached
625,102,30,90.0,85.0,6.0,2.750755287706852,52.72669065743685,0.0,0.7586320862174034,NOT_AVAILABLE,NOT_AVAILABLE,step wall timer not attached
625,105,30,93.0,88.0,6.0,2.8425175696611404,53.157840855419636,0.0,0.7526548579335213,NOT_AVAILABLE,NOT_AVAILABLE,step wall timer not attached
625,108,30,96.0,91.0,6.0,2.926868386566639,54.32106088846922,0.0,0.7680337876081467,NOT_AVAILABLE,NOT_AVAILABLE,step wall timer not attached
625,111,30,99.0,94.0,6.0,3.084658645093441,55.311321280896664,0.0,0.7685534656047821,NOT_AVAILABLE,NOT_AVAILABLE,step wall timer not attached
625,114,30,102.0,97.0,6.0,3.137492574751377,56.773725897073746,0.0,0.7713101804256439,NOT_AVAILABLE,NOT_AVAILABLE,step wall timer not attached
625,117,30,105.0,100.0,6.0,3.191903233528137,57.40489438176155,0.0,0.7558176293969154,NOT_AVAILABLE,NOT_AVAILABLE,step wall timer not attached
625,120,30,108.0,103.0,6.0,3.3058272674679756,57.270472869277,0.0,0.766366720199585,NOT_AVAILABLE,NOT_AVAILABLE,step wall timer not attached
625,18,30,6.0,1.0,1.0,0.1461319625377655,11.658063158392906,0.0,0.45242253690958023,NOT_AVAILABLE,NOT_AVAILABLE,step wall timer not attached
625,21,30,9.0,4.0,4.0,0.25437306612730026,16.34581759572029,0.0,0.6995731964707375,NOT_AVAILABLE,NOT_AVAILABLE,step wall timer not attached
625,24,30,12.0,7.0,6.0,0.3697611391544342,29.864701442420483,0.0,0.7089786231517792,NOT_AVAILABLE,NOT_AVAILABLE,step wall timer not attached
625,27,30,15.0,10.0,6.0,0.47718826681375504,30.918347649276257,0.0,0.728643499314785,NOT_AVAILABLE,NOT_AVAILABLE,step wall timer not attached
625,30,30,18.0,13.0,6.0,0.5428297445178032,31.624551862478256,0.0,0.7193712517619133,NOT_AVAILABLE,NOT_AVAILABLE,step wall timer not attached
625,33,30,21.0,16.0,6.0,0.6360867992043495,31.791348941624165,0.0,0.7171165198087692,NOT_AVAILABLE,NOT_AVAILABLE,step wall timer not attached
625,36,30,24.0,19.0,6.0,0.7344754412770271,33.34584832191467,0.0,0.7230639457702637,NOT_AVAILABLE,NOT_AVAILABLE,step wall timer not attached
625,39,30,27.0,22.0,6.0,0.8275099098682404,34.72844138741493,0.0,0.7394459098577499,NOT_AVAILABLE,NOT_AVAILABLE,step wall timer not attached
625,42,30,30.0,25.0,6.0,0.8990364149212837,35.29161214828491,0.0,0.717666931450367,NOT_AVAILABLE,NOT_AVAILABLE,step wall timer not attached
625,45,30,33.0,28.0,6.0,0.9838659316301346,35.736823454499245,0.0,0.7288428023457527,NOT_AVAILABLE,NOT_AVAILABLE,step wall timer not attached
625,48,30,36.0,31.0,6.0,1.0445117950439453,37.20842860639095,0.0,0.7284022867679596,NOT_AVAILABLE,NOT_AVAILABLE,step wall timer not attached
625,51,30,39.0,34.0,6.0,1.1768881231546402,36.59127000719309,0.0,0.7467661052942276,NOT_AVAILABLE,NOT_AVAILABLE,step wall timer not attached
625,54,30,42.0,37.0,6.0,1.2780064716935158,37.870267406105995,0.0,0.7392046973109245,NOT_AVAILABLE,NOT_AVAILABLE,step wall timer not attached
625,57,30,45.0,40.0,6.0,1.3534724712371826,39.084735326468945,0.0,0.7453793659806252,NOT_AVAILABLE,NOT_AVAILABLE,step wall timer not attached
625,60,30,48.0,43.0,6.0,1.4277519658207893,40.29778577387333,0.0,0.7305704057216644,NOT_AVAILABLE,NOT_AVAILABLE,step wall timer not attached
625,63,30,51.0,46.0,6.0,1.4989422634243965,41.427694261074066,0.0,0.7373783737421036,NOT_AVAILABLE,NOT_AVAILABLE,step wall timer not attached
625,66,30,54.0,49.0,6.0,1.642690971493721,42.51075070351362,0.0,0.7295785471796989,NOT_AVAILABLE,NOT_AVAILABLE,step wall timer not attached
625,69,30,57.0,52.0,6.0,1.7087198793888092,42.715935967862606,0.0,0.7477626204490662,NOT_AVAILABLE,NOT_AVAILABLE,step wall timer not attached
625,72,30,60.0,55.0,6.0,1.8244143575429916,44.0414696931839,0.0,0.738200731575489,NOT_AVAILABLE,NOT_AVAILABLE,step wall timer not attached
625,75,30,63.0,58.0,6.0,1.9625723361968994,42.40669682621956,0.0,0.7837396115064621,NOT_AVAILABLE,NOT_AVAILABLE,step wall timer not attached
625,78,30,66.0,61.0,6.0,1.9449396058917046,45.22374365478754,0.0,0.7323026657104492,NOT_AVAILABLE,NOT_AVAILABLE,step wall timer not attached
625,81,30,69.0,64.0,6.0,2.020774409174919,46.74545582383871,0.0,0.7375990971922874,NOT_AVAILABLE,NOT_AVAILABLE,step wall timer not attached
625,84,30,72.0,67.0,6.0,2.1415501832962036,47.271898947656155,0.0,0.7452238351106644,NOT_AVAILABLE,NOT_AVAILABLE,step wall timer not attached
625,87,30,75.0,70.0,6.0,2.268644981086254,47.81924467533827,0.0,0.7470212876796722,NOT_AVAILABLE,NOT_AVAILABLE,step wall timer not attached
625,90,30,78.0,73.0,6.0,2.3993421345949173,49.074672162532806,0.0,0.7423590868711472,NOT_AVAILABLE,NOT_AVAILABLE,step wall timer not attached
625,93,30,81.0,76.0,6.0,2.412601374089718,53.85673604905605,0.0,0.7602302357554436,NOT_AVAILABLE,NOT_AVAILABLE,step wall timer not attached
625,96,30,84.0,79.0,6.0,2.516544423997402,50.99323485046625,0.0,0.753721222281456,NOT_AVAILABLE,NOT_AVAILABLE,step wall timer not attached
625,99,30,87.0,82.0,6.0,2.5866273790597916,56.52530398219824,0.0,0.7649799808859825,NOT_AVAILABLE,NOT_AVAILABLE,step wall timer not attached
833,102,30,90.0,85.0,6.0,2.7587395161390305,52.446939051151276,0.0,0.7543480023741722,NOT_AVAILABLE,NOT_AVAILABLE,step wall timer not attached
833,105,30,93.0,88.0,6.0,2.8637489303946495,52.62876767665148,0.0,0.7647983729839325,NOT_AVAILABLE,NOT_AVAILABLE,step wall timer not attached
833,108,30,96.0,91.0,6.0,2.934107556939125,54.47268858551979,0.0,0.7591666653752327,NOT_AVAILABLE,NOT_AVAILABLE,step wall timer not attached
833,111,30,99.0,94.0,6.0,3.0399300158023834,55.53749389946461,0.0,0.767153687775135,NOT_AVAILABLE,NOT_AVAILABLE,step wall timer not attached
833,114,30,102.0,97.0,6.0,3.1305383890867233,56.90435599535704,0.0,0.7726922631263733,NOT_AVAILABLE,NOT_AVAILABLE,step wall timer not attached
833,117,30,105.0,100.0,6.0,3.16606555134058,57.79867433011532,0.0,0.7673259824514389,NOT_AVAILABLE,NOT_AVAILABLE,step wall timer not attached
833,120,30,108.0,103.0,6.0,3.360615111887455,58.775175362825394,0.0,0.7629171013832092,NOT_AVAILABLE,NOT_AVAILABLE,step wall timer not attached
833,18,30,6.0,1.0,1.0,0.14421530067920685,11.621522717177868,0.0,0.46503543853759766,NOT_AVAILABLE,NOT_AVAILABLE,step wall timer not attached
833,21,30,9.0,4.0,4.0,0.2549411728978157,15.632584691047668,0.0,0.6964728236198425,NOT_AVAILABLE,NOT_AVAILABLE,step wall timer not attached
833,24,30,12.0,7.0,6.0,0.38472190499305725,29.1450722143054,0.0,0.7191672921180725,NOT_AVAILABLE,NOT_AVAILABLE,step wall timer not attached
833,27,30,15.0,10.0,6.0,0.48223137855529785,30.47865629196167,0.0,0.7159728556871414,NOT_AVAILABLE,NOT_AVAILABLE,step wall timer not attached
833,30,30,18.0,13.0,6.0,0.5481196567416191,30.964257195591927,0.0,0.7275957614183426,NOT_AVAILABLE,NOT_AVAILABLE,step wall timer not attached
833,33,30,21.0,16.0,6.0,0.6278920918703079,31.779353506863117,0.0,0.7192473858594894,NOT_AVAILABLE,NOT_AVAILABLE,step wall timer not attached
833,36,30,24.0,19.0,6.0,0.7134135812520981,32.60134905576706,0.0,0.7212264463305473,NOT_AVAILABLE,NOT_AVAILABLE,step wall timer not attached
833,39,30,27.0,22.0,6.0,0.8060988038778305,33.56061223894358,0.0,0.7182089611887932,NOT_AVAILABLE,NOT_AVAILABLE,step wall timer not attached
833,42,30,30.0,25.0,6.0,0.8772406727075577,34.52511318027973,0.0,0.7299277931451797,NOT_AVAILABLE,NOT_AVAILABLE,step wall timer not attached
833,45,30,33.0,28.0,6.0,0.965312123298645,35.24380177259445,0.0,0.7259771227836609,NOT_AVAILABLE,NOT_AVAILABLE,step wall timer not attached
833,48,30,36.0,31.0,6.0,1.0720016434788704,36.25285718590021,0.0,0.7231850177049637,NOT_AVAILABLE,NOT_AVAILABLE,step wall timer not attached
833,51,30,39.0,34.0,6.0,1.1611571535468102,36.77961975336075,0.0,0.7265638560056686,NOT_AVAILABLE,NOT_AVAILABLE,step wall timer not attached
833,54,30,42.0,37.0,6.0,1.2442553415894508,37.831700406968594,0.0,0.7279478013515472,NOT_AVAILABLE,NOT_AVAILABLE,step wall timer not attached
833,57,30,45.0,40.0,6.0,1.3460339978337288,38.72786555439234,0.0,0.776827335357666,NOT_AVAILABLE,NOT_AVAILABLE,step wall timer not attached
833,60,30,48.0,43.0,6.0,1.465928740799427,39.83664605766535,0.0,0.7333606481552124,NOT_AVAILABLE,NOT_AVAILABLE,step wall timer not attached
833,63,30,51.0,46.0,6.0,1.507374458014965,41.27210285514593,0.0,0.7354868575930595,NOT_AVAILABLE,NOT_AVAILABLE,step wall timer not attached
833,66,30,54.0,49.0,6.0,1.592801883816719,41.96908604353666,0.0,0.7354626432061195,NOT_AVAILABLE,NOT_AVAILABLE,step wall timer not attached
833,69,30,57.0,52.0,6.0,1.6961125656962395,42.82750841230154,0.0,0.784396193921566,NOT_AVAILABLE,NOT_AVAILABLE,step wall timer not attached
833,72,30,60.0,55.0,6.0,1.7465194687247276,44.408814050257206,0.0,0.7320577278733253,NOT_AVAILABLE,NOT_AVAILABLE,step wall timer not attached
833,75,30,63.0,58.0,6.0,1.87696423381567,44.726393185555935,0.0,0.7365942001342773,NOT_AVAILABLE,NOT_AVAILABLE,step wall timer not attached
833,78,30,66.0,61.0,6.0,1.9502891227602959,45.08823994547129,0.0,0.7462911307811737,NOT_AVAILABLE,NOT_AVAILABLE,step wall timer not attached
833,81,30,69.0,64.0,6.0,2.003914676606655,46.93593829870224,0.0,0.7447535172104836,NOT_AVAILABLE,NOT_AVAILABLE,step wall timer not attached
833,84,30,72.0,67.0,6.0,2.1196184679865837,47.30954859405756,0.0,0.7478995248675346,NOT_AVAILABLE,NOT_AVAILABLE,step wall timer not attached
833,87,30,75.0,70.0,6.0,2.2721681743860245,48.1528714299202,0.0,0.741797499358654,NOT_AVAILABLE,NOT_AVAILABLE,step wall timer not attached
833,90,30,78.0,73.0,6.0,2.330421470105648,49.628810957074165,0.0,0.7553193718194962,NOT_AVAILABLE,NOT_AVAILABLE,step wall timer not attached
833,93,30,81.0,76.0,6.0,2.395882271230221,50.21058488637209,0.0,0.7608169689774513,NOT_AVAILABLE,NOT_AVAILABLE,step wall timer not attached
833,96,30,84.0,79.0,6.0,2.5148075073957443,51.66004877537489,0.0,0.7632588967680931,NOT_AVAILABLE,NOT_AVAILABLE,step wall timer not attached
833,99,30,87.0,82.0,6.0,2.6116017252206802,52.48165316879749,0.0,0.7733535021543503,NOT_AVAILABLE,NOT_AVAILABLE,step wall timer not attached
937,102,30,90.0,85.0,6.0,2.728460356593132,52.62678675353527,0.0,0.7685329765081406,NOT_AVAILABLE,NOT_AVAILABLE,step wall timer not attached
937,105,30,93.0,88.0,6.0,2.8731413185596466,53.28827165067196,0.0,0.7770182564854622,NOT_AVAILABLE,NOT_AVAILABLE,step wall timer not attached
937,108,30,96.0,91.0,6.0,2.919292077422142,52.51477472484112,0.0,0.7802201434969902,NOT_AVAILABLE,NOT_AVAILABLE,step wall timer not attached
937,111,30,99.0,94.0,6.0,3.0623767524957657,55.11695146560669,0.0,0.7722917944192886,NOT_AVAILABLE,NOT_AVAILABLE,step wall timer not attached
937,114,30,102.0,97.0,6.0,3.170385956764221,55.684386752545834,0.0,0.7788930088281631,NOT_AVAILABLE,NOT_AVAILABLE,step wall timer not attached
937,117,30,105.0,100.0,6.0,3.2268473878502846,56.96303304284811,0.0,0.7686680182814598,NOT_AVAILABLE,NOT_AVAILABLE,step wall timer not attached
937,120,30,108.0,103.0,6.0,3.352060914039612,56.770022958517075,0.0,0.777670182287693,NOT_AVAILABLE,NOT_AVAILABLE,step wall timer not attached
937,18,30,6.0,1.0,1.0,0.15252642333507538,40.19154608249664,0.0,4.4426750391721725,NOT_AVAILABLE,NOT_AVAILABLE,step wall timer not attached
937,21,30,9.0,4.0,4.0,0.25750137865543365,16.54949225485325,0.0,6.045592948794365,NOT_AVAILABLE,NOT_AVAILABLE,step wall timer not attached
937,24,30,12.0,7.0,6.0,0.36440230906009674,29.357596300542355,0.0,0.7254751399159431,NOT_AVAILABLE,NOT_AVAILABLE,step wall timer not attached
937,27,30,15.0,10.0,6.0,0.4791729152202606,30.760252848267555,0.0,0.7358957082033157,NOT_AVAILABLE,NOT_AVAILABLE,step wall timer not attached
937,30,30,18.0,13.0,6.0,0.5464488640427589,31.63894172757864,0.0,0.7312102243304253,NOT_AVAILABLE,NOT_AVAILABLE,step wall timer not attached
937,33,30,21.0,16.0,6.0,0.6356053054332733,32.440852373838425,0.0,0.732051208615303,NOT_AVAILABLE,NOT_AVAILABLE,step wall timer not attached
937,36,30,24.0,19.0,6.0,0.7451092824339867,32.99182653427124,0.0,0.7373057305812836,NOT_AVAILABLE,NOT_AVAILABLE,step wall timer not attached
937,39,30,27.0,22.0,6.0,0.8238768205046654,34.09154899418354,0.0,0.7355371490120888,NOT_AVAILABLE,NOT_AVAILABLE,step wall timer not attached
937,42,30,30.0,25.0,6.0,0.9168703109025955,35.181229934096336,0.0,0.7289797067642212,NOT_AVAILABLE,NOT_AVAILABLE,step wall timer not attached
937,45,30,33.0,28.0,6.0,1.0002916678786278,35.381559282541275,0.0,0.7418664172291756,NOT_AVAILABLE,NOT_AVAILABLE,step wall timer not attached
937,48,30,36.0,31.0,6.0,1.1190809309482574,37.011271342635155,0.0,0.7465016096830368,NOT_AVAILABLE,NOT_AVAILABLE,step wall timer not attached
937,51,30,39.0,34.0,6.0,1.1931713670492172,36.472720094025135,0.0,0.7420247420668602,NOT_AVAILABLE,NOT_AVAILABLE,step wall timer not attached
937,54,30,42.0,37.0,6.0,1.2518977746367455,37.16632444411516,0.0,0.7443586364388466,NOT_AVAILABLE,NOT_AVAILABLE,step wall timer not attached
937,57,30,45.0,40.0,6.0,1.3412181288003922,38.152449764311314,0.0,0.7674070075154305,NOT_AVAILABLE,NOT_AVAILABLE,step wall timer not attached
937,60,30,48.0,43.0,6.0,1.432681456208229,40.1134779676795,0.0,0.7555847987532616,NOT_AVAILABLE,NOT_AVAILABLE,step wall timer not attached
937,63,30,51.0,46.0,6.0,1.5350449830293655,40.733009576797485,0.0,0.7397430017590523,NOT_AVAILABLE,NOT_AVAILABLE,step wall timer not attached
937,66,30,54.0,49.0,6.0,1.620386727154255,41.398776695132256,0.0,0.7549189031124115,NOT_AVAILABLE,NOT_AVAILABLE,step wall timer not attached
937,69,30,57.0,52.0,6.0,1.7139455303549767,42.56581515073776,0.0,0.7515130564570427,NOT_AVAILABLE,NOT_AVAILABLE,step wall timer not attached
937,72,30,60.0,55.0,6.0,1.7642956227064133,43.04921720176935,0.0,0.7464410737156868,NOT_AVAILABLE,NOT_AVAILABLE,step wall timer not attached
937,75,30,63.0,58.0,6.0,1.8856311216950417,44.130587950348854,0.0,0.7474059239029884,NOT_AVAILABLE,NOT_AVAILABLE,step wall timer not attached
937,78,30,66.0,61.0,6.0,1.9757961854338646,44.17136870324612,0.0,0.7506106048822403,NOT_AVAILABLE,NOT_AVAILABLE,step wall timer not attached
937,81,30,69.0,64.0,6.0,2.039799466729164,46.00648954510689,0.0,0.7514795288443565,NOT_AVAILABLE,NOT_AVAILABLE,step wall timer not attached
937,84,30,72.0,67.0,6.0,2.179007977247238,46.60859331488609,0.0,0.7733544334769249,NOT_AVAILABLE,NOT_AVAILABLE,step wall timer not attached
937,87,30,75.0,70.0,6.0,2.3073898628354073,46.911170706152916,0.0,0.7503237575292587,NOT_AVAILABLE,NOT_AVAILABLE,step wall timer not attached
937,90,30,78.0,73.0,6.0,2.319606952369213,48.93221240490675,0.0,0.7568113505840302,NOT_AVAILABLE,NOT_AVAILABLE,step wall timer not attached
937,93,30,81.0,76.0,6.0,2.6893597096204758,49.5612807571888,0.0,0.786392018198967,NOT_AVAILABLE,NOT_AVAILABLE,step wall timer not attached
937,96,30,84.0,79.0,6.0,2.6004482060670853,50.53611099720001,0.0,0.7670652121305466,NOT_AVAILABLE,NOT_AVAILABLE,step wall timer not attached
937,99,30,87.0,82.0,6.0,2.674742601811886,50.66838767379522,0.0,0.7699737325310707,NOT_AVAILABLE,NOT_AVAILABLE,step wall timer not attached
