frame,dino,ssim,psnr,lpips
0,0.9999679923057556,0.999010364670157,52.507926607125206,0.00022854954295326024
1,0.9989456534385681,0.9691867294924696,38.55525256615006,0.008038021624088287
2,0.9987841248512268,0.9780988480464249,39.630122070398926,0.006234920583665371
3,0.9994064569473267,0.9746012609582585,39.169111883757246,0.007476246915757656
4,0.9997161030769348,0.9900336397840531,42.73293249462439,0.0029461008962243795
5,0.998630702495575,0.9515158022792352,36.39488922947558,0.013715474866330624
6,0.9970542192459106,0.9436397423005105,35.68707205781137,0.016630640253424644
7,0.9979685544967651,0.9386573019259968,35.2323575549005,0.018131989985704422
8,0.9988335371017456,0.9410177270773552,35.61709857809632,0.016056016087532043
9,0.993215024471283,0.9026071842892825,32.06672868402997,0.03562971204519272
10,0.9971174001693726,0.9337575347597783,34.63272977657138,0.02049325779080391
11,0.9954137802124023,0.922581748657605,33.18829542840396,0.024458687752485275
12,0.9948813915252686,0.9193507554762318,32.985148941253215,0.024729624390602112
13,0.9951435327529907,0.9132076735902617,32.599557056292824,0.026763908565044403
14,0.9959861040115356,0.9107052849140472,32.76275862229751,0.026606988161802292
15,0.9960108995437622,0.9103639501260092,32.4399213226329,0.0292818583548069
16,0.9966389536857605,0.9055176366924694,32.1441151142412,0.02969626896083355
17,0.9957385063171387,0.9110406892883035,32.41604713886425,0.028140367940068245
18,0.9964092969894409,0.9093905082708506,32.416299860114506,0.028663394972682
19,0.9953078031539917,0.9110381716831903,32.29788380602671,0.02899525687098503
20,0.9937878847122192,0.9068990474805139,32.040617782204166,0.02891426719725132
21,0.9936040639877319,0.9125224014656407,31.82359619721309,0.035584207624197006
22,0.9944930076599121,0.9321642976832566,33.93155473539739,0.021791141480207443
23,0.9976742267608643,0.9310426329392976,33.40745045839894,0.022204846143722534
24,0.9969834685325623,0.9292437284218099,32.83415491194936,0.024013325572013855
25,0.9971975684165955,0.9273287231886199,32.92150192098016,0.024365302175283432
26,0.9972631931304932,0.9273104007314646,32.65213625110113,0.026093294844031334
27,0.9964824318885803,0.9196161502099987,32.19414231922833,0.026933640241622925
28,0.9971280097961426,0.9217553629284513,32.40486240947151,0.026320606470108032
29,0.9873438477516174,0.9179553631098106,32.36860592322505,0.025792207568883896
30,0.9969732761383057,0.9203635473385795,32.25086491307928,0.026887623593211174
31,0.9966868162155151,0.9187360724071304,32.05050850140729,0.02770300954580307
32,0.9969304800033569,0.9154449906775577,31.880147581089673,0.02730940282344818
33,0.9948759078979492,0.9902959840132213,41.06626743932617,0.003809118177741766
34,0.9980774521827698,0.9797190855290081,37.483673271358406,0.007585869170725346
35,0.9973286986351013,0.971497305903859,35.96375990513454,0.01064993441104889
36,0.9974083304405212,0.9674635091742543,34.954577993440246,0.013400797732174397
37,0.9972760081291199,0.9661948497748135,35.01573011310724,0.012699343264102936
38,0.9981131553649902,0.9628778009964812,34.35168607772158,0.014939104206860065
39,0.9967524409294128,0.9552511278893285,33.468855047060245,0.01868915930390358
40,0.9956743717193604,0.9540654885202239,33.327591238193044,0.01971565932035446
41,0.9974907040596008,0.9501538384189715,33.3442782709493,0.017510056495666504
42,0.9969601035118103,0.9511324434900171,33.147708888019814,0.01971520483493805
43,0.9974229335784912,0.9454101944954797,32.71429624373097,0.021573377773165703
44,0.9974818825721741,0.9425409452465798,32.452123850613035,0.02124093472957611
45,0.9996916651725769,0.9946703525268933,42.8593160386491,0.002035812707617879
46,0.9989068508148193,0.9787726325198909,36.84963739111492,0.007373278960585594
47,0.9971516728401184,0.9656378077485525,34.34586705838968,0.012978745624423027
48,0.9973416924476624,0.9617221170827396,33.31041453650147,0.014815435744822025
49,0.9979844093322754,0.9598524577357203,33.35288759717154,0.01567922905087471
50,0.9979376792907715,0.955570224990448,32.902907434044025,0.017317969352006912
51,0.9978442788124084,0.9537105339927593,32.71219526903823,0.017585299909114838
52,0.9970148205757141,0.9547600375929227,32.75369680210572,0.01780468411743641
53,0.996906578540802,0.9508329560612205,32.335052567599746,0.019340835511684418
54,0.996486485004425,0.9522297345527205,32.38774304781962,0.01990952529013157
55,0.9975869059562683,0.9498663759796511,32.221069441084744,0.02050779201090336
56,0.9964497089385986,0.9449411162272571,31.72097613923391,0.02226325124502182
57,0.9995368719100952,0.9959084445248617,44.13075294995344,0.0019984568934887648
58,0.9984591007232666,0.982747733832392,37.74451290924834,0.0068977330811321735
59,0.9975056648254395,0.9693971927066336,34.964051641508675,0.012493378482758999
60,0.9977632164955139,0.9642077623679249,33.99061275201747,0.01476038433611393
61,0.9971563816070557,0.962131000089804,33.91503580558377,0.01462265383452177
62,0.9969630241394043,0.95964974472142,33.561558914789806,0.016531750559806824
63,0.9963172674179077,0.9531529555819621,32.71831255971658,0.01910337433218956
64,0.9961884021759033,0.9515187289456016,32.66219747622118,0.019939962774515152
65,0.9961599111557007,0.9472378078411158,32.48884981330223,0.019175518304109573
66,0.9961639642715454,0.9459847206528792,32.18435310881687,0.021561656147241592
67,0.9938807487487793,0.9397765802217757,31.651081450954916,0.024619683623313904
68,0.9931339621543884,0.9351699075321708,31.305537954389266,0.024561144411563873
69,0.9993873834609985,0.988994186297107,40.60484990805204,0.003451110329478979
70,0.9985445737838745,0.9710088536114715,35.643438085215955,0.010350455529987812
71,0.9977116584777832,0.9604333651134329,33.9110809784234,0.014194758608937263
72,0.9967432022094727,0.9561611135934545,32.927918084167416,0.01625794731080532
73,0.9977701902389526,0.9542253788624624,33.00162275824067,0.016838274896144867
74,0.9977647066116333,0.9521747965949429,32.712456872343985,0.017797738313674927
75,0.9978066086769104,0.9506378035025836,32.5417258556051,0.018689647316932678
76,0.9973964691162109,0.9508696824398983,32.501167092156194,0.01891913264989853
77,0.9963217973709106,0.9462796229594735,32.108119232034234,0.020036960020661354
78,0.9962778091430664,0.9448069378164665,31.920852588431323,0.02094978094100952
79,0.9944405555725098,0.9446190719910131,31.8564341377477,0.02118111029267311
80,0.9958727955818176,0.9398627366491276,31.404341211640844,0.022647885605692863
81,0.9984339475631714,0.9887282396985523,39.53616263836611,0.005193529650568962
82,0.9982662796974182,0.9694820162646299,35.01291914142472,0.01211156602948904
83,0.9961714148521423,0.9565049420003172,33.20596206353435,0.01719537191092968
84,0.9959278106689453,0.9523077394458408,32.51236274880739,0.01940615475177765
85,0.9961465001106262,0.9508266941138094,32.54602414530093,0.019593393430113792
86,0.9947787523269653,0.94841699101313,32.2427909314844,0.01996973156929016
87,0.9958286285400391,0.9464297148625773,32.07697651227215,0.02140023373067379
88,0.9953675866127014,0.9466284971879967,32.1221716240715,0.0210401713848114
89,0.9947720766067505,0.9419324472722206,31.697755074337074,0.023038476705551147
90,0.9944371581077576,0.9403504962540227,31.593124859006867,0.02374536357820034
91,0.9964316487312317,0.9380658542367347,31.36738824095048,0.026823338121175766
92,0.9958370923995972,0.9333605809076714,31.054118255159324,0.027464015409350395
93,0.9980430603027344,0.9889968507318191,39.73456596201682,0.004486469551920891
94,0.9968305826187134,0.969594303456983,34.92953899535624,0.011859136633574963
95,0.9965965747833252,0.9590506279250425,33.327387578652925,0.01698526367545128
96,0.9956552982330322,0.9557977110876474,32.6641202763235,0.018421877175569534
97,0.9968264698982239,0.9533860574592192,32.621717093586085,0.018919562920928
98,0.9963498711585999,0.950234395763463,32.272085434368364,0.020501617342233658
99,0.9948229789733887,0.9495065402032324,32.18242588621515,0.02181277796626091
100,0.9933295845985413,0.9449462038533226,31.884144256034894,0.024660855531692505
101,0.9938400387763977,0.9337400263705389,31.299575593736392,0.027120519429445267
102,0.9927939176559448,0.9316749429796634,31.151637226432488,0.02968709170818329
103,0.9913052320480347,0.9223522561782037,30.919324628067212,0.03359917551279068
104,0.9936186075210571,0.9126095125777457,30.484138060403527,0.036108676344156265
105,0.998289942741394,0.9891632847979074,40.43852273997351,0.00495115015655756
106,0.9982612729072571,0.9743591620679285,36.90688661666545,0.010590960271656513
107,0.997775137424469,0.9625699964304878,35.18803481472495,0.015290841460227966
108,0.9966002702713013,0.9558387675970818,34.19634370451562,0.018725818023085594
109,0.9974681735038757,0.9544340141454479,34.32314362351829,0.018236195668578148
110,0.9974256157875061,0.9448364698687243,33.38403064363778,0.02446555159986019
111,0.9959726333618164,0.9372261132770893,32.92085616198983,0.02749684825539589
112,0.9963024258613586,0.937561034920424,33.05399060800799,0.0275233406573534
113,0.9959287047386169,0.934848605697522,33.13876705528216,0.0271587111055851
114,0.99650639295578,0.9290059944859598,32.58371900519575,0.030038045719265938
115,0.9972635507583618,0.9231021175189748,32.26468001768496,0.031358808279037476
116,0.9964619874954224,0.921609379803228,32.13717676356913,0.03318203240633011
117,0.9935581088066101,0.9239333748392514,32.494030788792784,0.03495573624968529
118,0.996039628982544,0.9216656556933497,32.22668497465113,0.032406967133283615
119,0.9956983923912048,0.9236145609723031,32.11632605909142,0.03097577393054962
120,0.9960727095603943,0.9217738188807608,31.80555096180199,0.032132022082805634
121,0.9958084225654602,0.9222393900507696,31.84768226218186,0.032383598387241364
122,0.9957635402679443,0.9171296763960829,31.830029371476193,0.032704293727874756
123,0.9959535002708435,0.9188675180281777,31.868800768428336,0.03359285369515419
124,0.9960038661956787,0.9183119890798362,31.909363590163473,0.034064341336488724
125,0.9961115121841431,0.9103528258866159,31.64234670412831,0.034694917500019073
126,0.9963840246200562,0.9138365926480786,31.815695021289713,0.034367844462394714
127,0.9951467514038086,0.9044202492864152,31.339886730300996,0.03630099818110466
128,0.9937983155250549,0.9057087206126396,31.346003073644397,0.036892518401145935
129,0.9936280250549316,0.9187223487459611,32.29693264370953,0.0326765775680542
130,0.9953914880752563,0.9265447237991625,31.81168661826436,0.027684377506375313
131,0.9960424900054932,0.9200879475991425,31.735123517943478,0.026623930782079697
132,0.9963377714157104,0.922161409005472,31.57560626740684,0.0266848374158144
133,0.9969620704650879,0.9205969379195439,31.708713033719103,0.026264110580086708
134,0.9974054098129272,0.9187713145339093,31.805214053640036,0.027050793170928955
135,0.9966938495635986,0.9253682812193599,32.26709412657464,0.02750597894191742
136,0.9949101805686951,0.9235198626956963,32.057283602684244,0.028365937992930412
137,0.9958354234695435,0.913104788353671,31.709880705310006,0.028867503628134727
138,0.9959551692008972,0.9181556897885551,31.96532100434693,0.030519969761371613
139,0.9958822727203369,0.907762289494808,31.462595550538133,0.03224610909819603
140,0.994645893573761,0.909544489076949,31.493581661290282,0.033276479691267014
141,0.9943408966064453,0.9186041279381892,32.16561689907146,0.03270255774259567
142,0.9965808987617493,0.9215036075010293,32.11241074524912,0.02867734432220459
143,0.9966750144958496,0.9237096652720709,32.00274578352931,0.026600223034620285
144,0.9960061311721802,0.9238783452767132,31.57687478256761,0.028184926137328148
145,0.9938076734542847,0.9229661282968794,31.802982823612282,0.0271519273519516
146,0.9953689575195312,0.9207303477759531,31.835325432473404,0.02716471068561077
147,0.9959505200386047,0.9258204575143566,32.10907277682361,0.02713342383503914
148,0.993826150894165,0.9213901950478749,31.88454223313648,0.029565470293164253
149,0.9961186647415161,0.9125367250864375,31.63171161508712,0.02921275980770588
150,0.9965784549713135,0.9144166931652656,31.685954307838635,0.03146132081747055
151,0.9948558807373047,0.9058193942066165,31.251538080809034,0.03242149204015732
152,0.9950228333473206,0.906583968135962,31.2343754445282,0.034519195556640625
153,0.9954521059989929,0.9265055120838092,32.492148079572935,0.029256783425807953
154,0.9955470561981201,0.9258913198041289,32.39381233838982,0.025554638355970383
155,0.995794951915741,0.9306576298155619,32.34817961738597,0.02401241660118103
156,0.996420681476593,0.9322035411409896,32.15261844464562,0.024457897990942
157,0.9958585500717163,0.930521257981464,32.240681554732745,0.02536138705909252
158,0.9967300295829773,0.9264111131656781,32.213887236665755,0.025027815252542496
159,0.9955047965049744,0.9311648450760782,32.55725261555222,0.025452550500631332
160,0.9953913688659668,0.926245680357161,32.37047228639145,0.02790086157619953
161,0.9959354400634766,0.9163965611815339,31.953327823055893,0.028913067653775215
162,0.995701789855957,0.9179168995656748,31.76994196023137,0.031320538371801376
163,0.9949460029602051,0.9160512489178912,31.793476362697195,0.03130088374018669
164,0.996114194393158,0.9087011778094586,31.350726890451877,0.033391743898391724
165,1.0000001192092896,1.0,inf,0.0
166,0.99933922290802,0.9900247864469742,38.812145683931575,0.005263074301183224
167,0.9996579885482788,0.9931217642193028,41.664413976526085,0.003084448166191578
168,0.9993054866790771,0.9837983335611681,37.73662765754466,0.007073526736348867
169,0.9993075728416443,0.9841070345056465,37.971781090757645,0.006303868256509304
170,0.9990603923797607,0.9652386633521686,35.27491687099857,0.012875247746706009
171,0.9985944032669067,0.9587494514874256,34.50734018182435,0.016977135092020035
172,0.9979832768440247,0.9518470930088387,33.927802987515456,0.019726742058992386
173,0.9980212450027466,0.9444526628333065,33.659683037193375,0.02025926485657692
174,0.9973444938659668,0.939206032790667,33.183555764990615,0.025559676811099052
175,0.9965628385543823,0.9275143531999882,32.511397332103265,0.027326026931405067
176,0.9957369565963745,0.9271743030219483,32.30432820395633,0.028927378356456757
177,0.9949465990066528,0.935371816808459,33.145038078788566,0.026828443631529808
178,0.9933099150657654,0.9337131876439312,33.01698431730011,0.024531515315175056
179,0.9953787326812744,0.935425100758172,32.927072518861216,0.02308584749698639
180,0.9964237213134766,0.9363588694640264,32.54345245111785,0.024090219289064407
181,0.9964208602905273,0.9356048922719973,32.79674760679515,0.023581575602293015
182,0.9961483478546143,0.9305724892568265,32.66986059556583,0.02446771413087845
183,0.9943742156028748,0.9353764344693224,32.85787676224008,0.025595998391509056
184,0.9960089921951294,0.9308690768914359,32.60897352901229,0.02695338800549507
185,0.995200514793396,0.9223364107272144,32.40008455313096,0.027398662641644478
186,0.9952408671379089,0.9244225660802009,32.31720954593668,0.029600653797388077
187,0.9944562315940857,0.9200279398951073,32.15539545267315,0.03146243467926979
188,0.9959604144096375,0.9137554566353012,31.840348103790376,0.032824188470840454
189,0.9987493753433228,0.9811448993354865,38.65429067333219,0.008335917256772518
190,0.9980671405792236,0.9638259204939178,35.49698269002067,0.0143045112490654
191,0.997231662273407,0.9546275363217688,34.11928802655496,0.017456280067563057
192,0.9974716305732727,0.9488032025778157,33.10245560334924,0.020096957683563232
193,0.997523307800293,0.9483335562633748,33.429174044468645,0.019248761236667633
194,0.996580958366394,0.9375930874245825,32.83333318505301,0.022038370370864868
195,0.9966100454330444,0.9392971504484873,32.83582100251784,0.023111220449209213
196,0.9969473481178284,0.9327314221553614,32.464964111671094,0.024278510361909866
197,0.9971068501472473,0.9257847257142647,32.285826675007726,0.02555285394191742
198,0.9966353178024292,0.9264343668831607,32.238692027552275,0.027188755571842194
199,0.9958804845809937,0.9139231127652204,31.572091557993403,0.030825283378362656
200,0.9963039755821228,0.9125337082923889,31.394336632346416,0.031709957867860794
201,-0.009802184998989105,0.046004967985730116,5.453847174358336,1.0391680002212524
202,-0.03040686808526516,0.04919148283394111,5.211170458088679,1.0423067808151245
203,-0.037750259041786194,0.05648662381479174,5.0506172138419325,1.0335925817489624
204,-0.042837366461753845,0.056536018220059596,5.039025665471007,1.0339246988296509
205,-0.038555435836315155,0.05797298021163235,5.1453728010876905,1.0318554639816284
206,-0.036023471504449844,0.0554598296404201,5.240684293482049,1.0325392484664917
207,-0.0328211672604084,0.05572431169133041,5.305734113078213,1.0366193056106567
208,-0.03583628311753273,0.05420342649884625,5.359046678695228,1.0352516174316406
209,-0.03195212781429291,0.05685443996992675,5.38797177470379,1.031239628791809
210,-0.03357064723968506,0.055251957634784576,5.43468324342755,1.0376269817352295
211,-0.030966773629188538,0.0564607218502998,5.4881325187136,1.0357550382614136
212,-0.027509547770023346,0.05630644613126837,5.519133876700351,1.03458833694458
213,-0.04070645198225975,0.04512745760214234,5.596517497679193,1.0328822135925293
214,-0.038349322974681854,0.06296562648790137,5.520850868032844,1.029079794883728
215,-0.03587552160024643,0.07890016434294077,5.416246152067226,1.0284875631332397
216,-0.03560871630907059,0.07848446402223068,5.376519720659314,1.0299572944641113
217,-0.038593173027038574,0.0780139538086106,5.385375690167943,1.0306739807128906
218,-0.051087480038404465,0.07219783330942416,5.400969218848077,1.0328549146652222
219,-0.04472462087869644,0.0740017877391454,5.436396015210631,1.0342434644699097
220,-0.05356481671333313,0.07218126548581753,5.449392314864367,1.0341084003448486
221,-0.0498557984828949,0.07464325188774287,5.461458296941963,1.0307505130767822
222,-0.049765486270189285,0.07525749734403932,5.446829749508721,1.0315194129943848
223,-0.054237380623817444,0.07163674449192163,5.451304758284248,1.0350595712661743
224,-0.053033389151096344,0.0737648389817399,5.475959974445194,1.034818172454834
225,-0.04398135840892792,0.04027560091957969,5.684988462295183,1.0420136451721191
226,-0.05581095814704895,0.04880795545229814,5.558244756395369,1.0425736904144287
227,-0.056227464228868484,0.0545710989111702,5.462845699515164,1.0416489839553833
228,-0.05651067942380905,0.0542415198468905,5.4313527561609645,1.0399394035339355
229,-0.055499061942100525,0.055862136467752545,5.454178252244035,1.040740728378296
230,-0.05613087862730026,0.053010153306015745,5.4719557296271395,1.0398766994476318
231,-0.046128302812576294,0.05532766414461226,5.538507974945828,1.038233757019043
232,-0.043542101979255676,0.05501805228255028,5.551519022254897,1.040343165397644
233,-0.04464958608150482,0.05760140380825615,5.522664196283347,1.0408202409744263
234,-0.03674427419900894,0.05668742140895969,5.500155108176098,1.041608214378357
235,-0.026971492916345596,0.05971684625667913,5.561998849433467,1.0395630598068237
236,-0.022388581186532974,0.06134038467010133,5.619755500152442,1.03688645362854
237,0.991641640663147,0.8991970296254806,29.268844841714742,0.03129817917943001
238,0.9902352094650269,0.91487264906216,30.301307295148646,0.0307777039706707
239,0.9884059429168701,0.8966498835640468,30.296066785476675,0.03649554401636124
240,0.9911983609199524,0.903631986048053,31.062698146862765,0.03527506813406944
241,0.9844509959220886,0.9115036058545586,31.507121385666636,0.036625832319259644
242,0.9878617525100708,0.9018163922660473,31.345543520829978,0.038708269596099854
243,0.9840729236602783,0.911782917794486,31.79151590519913,0.03702550753951073
244,0.9871597290039062,0.9026591691141829,31.399241983091347,0.03822578117251396
245,0.9876211881637573,0.9043801352763573,31.420437484188778,0.038212087005376816
246,0.9831568002700806,0.8982906686033219,30.59878667805563,0.05013514682650566
247,0.9908491373062134,0.9185091408946998,31.31579581230411,0.03923821076750755
248,0.9887658953666687,0.9146405146780411,31.249259894135953,0.034652289003133774
249,0.9898674488067627,0.9183042097604409,31.224365676826487,0.03381801396608353
250,0.988762617111206,0.9165647195424382,31.327560023625715,0.03347383067011833
251,0.989539623260498,0.9100870757104763,31.321395671632473,0.0366402193903923
252,0.9904630184173584,0.9146308851689295,31.599433647807757,0.03753906488418579
253,0.9889729022979736,0.9138677724990835,31.549848582647464,0.03732927888631821
254,0.9839715361595154,0.8997606268108841,31.240654495653317,0.04047878831624985
255,0.9886540174484253,0.9030608796417253,31.394340013809426,0.038462962955236435
256,0.9840697050094604,0.9079137519308347,31.544068814641648,0.03958939015865326
257,0.9888365268707275,0.8983577217271724,31.07785384100483,0.04157822206616402
258,0.9943943619728088,0.9027965760196398,30.304473904891935,0.044102445244789124
259,0.9949003458023071,0.9141570652729615,31.008143677730576,0.03527368977665901
260,0.9960308074951172,0.9203662484458434,30.924409070841623,0.03248892351984978
261,0.9950481653213501,0.9209936432049527,30.584790117691565,0.0335860475897789
262,0.9960076212882996,0.918763709596666,30.685691862216316,0.03410790115594864
263,0.9958473443984985,0.9200316154288563,31.22245256035136,0.03495432436466217
264,0.9924672245979309,0.8954673369112679,30.39024425037851,0.040937699377536774
265,0.989797830581665,0.9056616020700448,30.971908686024577,0.0389590747654438
266,0.9904627799987793,0.9050280770757461,31.42217145703878,0.03680681437253952
267,0.9915745258331299,0.9025746657323882,31.315789925331412,0.041676633059978485
268,0.9940013289451599,0.8868455103519914,30.619673729975787,0.04832019284367561
269,0.9938438534736633,0.8920190031435881,30.826913514764136,0.047517381608486176
270,0.9966878890991211,0.9350465678234094,33.450640230279625,0.029157161712646484
271,0.996371865272522,0.9275684315938539,32.268572316284576,0.03158009052276611
272,0.995621383190155,0.9272447976848931,31.82445447818789,0.03162267804145813
273,0.9955146908760071,0.9266609083441727,31.393920117720832,0.0323236808180809
274,0.9948599338531494,0.9247828249543192,31.569572892512994,0.03146401792764664
275,0.9950234293937683,0.9178618866989575,31.403597871815457,0.032894719392061234
276,0.9941995143890381,0.9116649323629952,31.38454098782857,0.035354092717170715
277,0.9866232872009277,0.9163136847729162,31.755699430734758,0.03779864311218262
278,0.9920581579208374,0.9118725203001542,31.96419862020594,0.03920605778694153
279,0.9956960678100586,0.9072639412586915,31.635963045993833,0.0417427197098732
280,0.9933386445045471,0.8959249369528588,31.20293620911728,0.04676066339015961
281,0.9937074780464172,0.8975427870400452,31.291744946299485,0.04488246142864227
282,0.9901627898216248,0.8863993470782906,30.139937048531756,0.054640792310237885
283,0.9938727617263794,0.9139930682508823,31.02021354268793,0.03883367031812668
284,0.9961999654769897,0.9098061015472806,30.93742398270727,0.03526746854186058
285,0.9956666827201843,0.9122641725537171,30.78255671577785,0.03413880243897438
286,0.9933501482009888,0.9089895451627276,31.001873800125015,0.03639190271496773
287,0.9951152205467224,0.9164325431779382,31.701015881517872,0.035779260098934174
288,0.9952452182769775,0.8998736830448374,31.13957245131147,0.03987851366400719
289,0.9944414496421814,0.9045865466020596,31.465067757165507,0.0388006865978241
290,0.9922652840614319,0.8997463277257668,31.392528080667752,0.039862826466560364
291,0.9903007745742798,0.9037174566124303,31.60527204871652,0.03748392313718796
292,0.9883434772491455,0.9066960826011616,31.691753322355986,0.03715961426496506
293,0.9848505854606628,0.8994254020009427,31.305618672455463,0.038550712168216705
294,0.925946056842804,0.5899666990320536,16.893115043503464,0.255201518535614
295,0.9022398591041565,0.5422663869682264,15.081744824614455,0.28499364852905273
296,0.8910257816314697,0.5226037402036118,14.264480217000546,0.29503101110458374
297,0.8975374102592468,0.5183986219957294,14.113341598225501,0.29875555634498596
298,0.9060733318328857,0.520024762284902,14.326318356708029,0.29938963055610657
299,0.9249049425125122,0.5209818696660288,14.632993753923847,0.29662424325942993
300,0.9265600442886353,0.5295807177732031,14.822946438291469,0.29641228914260864
301,0.9169954061508179,0.5289935867434187,14.991350201052585,0.28835880756378174
302,0.9151425361633301,0.5237834859893912,15.134483178853573,0.2898715138435364
303,0.9172660708427429,0.5250429268985757,15.247852455169479,0.28914546966552734
304,0.8914512991905212,0.5274985802935737,15.380729359912573,0.2851102948188782
305,0.8894361257553101,0.5206342080865928,15.34676427693247,0.2862504720687866
306,0.9312248229980469,0.47442414527119103,14.31802292416437,0.3343334496021271
307,0.9203542470932007,0.4484181713490784,13.183419230080913,0.3503483235836029
308,0.8868744969367981,0.4258996589021324,12.476779310355269,0.362002432346344
309,0.8684031367301941,0.4249019376086293,12.43159266611195,0.3613441586494446
310,0.8654438853263855,0.42907970098769743,12.669510684730295,0.3571455478668213
311,0.901330828666687,0.4262735955176464,12.934059219960725,0.3497732877731323
312,0.924089252948761,0.44682965198520835,13.32502078502366,0.34625008702278137
313,0.9076597690582275,0.44599272567671727,13.48240390073514,0.3434187173843384
314,0.9094069004058838,0.44566305927043165,13.581409930567593,0.33778613805770874
315,0.9257784485816956,0.46562416554259284,13.818310791352275,0.3308013081550598
316,0.9223877191543579,0.4740857832233367,13.9873034432863,0.3222351670265198
317,0.9103831052780151,0.4773995842749998,14.085799778312719,0.31981825828552246
318,0.8908810615539551,0.4561750054587638,14.151434300543244,0.35095593333244324
319,0.9130892157554626,0.43918813025846964,13.215616697024881,0.36230090260505676
320,0.917610764503479,0.4220153398228459,12.620335789694852,0.37643855810165405
321,0.9212377071380615,0.4210884366285747,12.5508309988492,0.37625858187675476
322,0.9192072749137878,0.41752137029600717,12.650686768365759,0.3748854994773865
323,0.9152361154556274,0.41217868620791176,12.802143562164598,0.3643835783004761
324,0.9049528241157532,0.426278122306158,13.114832581660904,0.3574202358722687
325,0.9085295796394348,0.43368616054452197,13.306658185746066,0.344171404838562
326,0.9064705967903137,0.42571559929339986,13.345278319201274,0.34124481678009033
327,0.9088576436042786,0.43926967013059187,13.542548885371888,0.3366413116455078
328,0.9071254730224609,0.4503101853649154,13.728417216744964,0.33135688304901123
329,0.9280253648757935,0.4458655302123582,13.798334514409788,0.329251229763031
330,0.8860141634941101,0.4551342377122006,13.72749863558736,0.35543033480644226
331,0.8799406290054321,0.4351731737642346,12.996862978277704,0.35992345213890076
332,0.8702322840690613,0.41725960625173464,12.465802900348862,0.36739999055862427
333,0.8591233491897583,0.4163486775274659,12.352896523727763,0.3691648840904236
334,0.8817763328552246,0.4198945392518448,12.488065560799207,0.36663997173309326
335,0.8914409875869751,0.4243222190446247,12.773913310365314,0.3574695587158203
336,0.9121227264404297,0.43572439918022576,12.948436478114449,0.3532913029193878
337,0.9009730815887451,0.43823408867996855,13.078949228704964,0.34463807940483093
338,0.9125450849533081,0.43797186003358807,13.210574986191242,0.3368827700614929
339,0.9294281601905823,0.4499783006027241,13.387810603549301,0.33090803027153015
340,0.9270988702774048,0.4449706639687449,13.361546712593919,0.3340924382209778
341,0.9349231719970703,0.4492886205015234,13.38496455232714,0.3303305208683014
342,0.8685781955718994,0.43356857767807894,13.752854310216506,0.3544243276119232
343,0.8695762157440186,0.4109358303866299,12.94328897896473,0.36458683013916016
344,0.853888988494873,0.38913514339524435,12.258761181339423,0.37982431054115295
345,0.8651987314224243,0.38901053761641036,12.152091441115473,0.3809446096420288
346,0.8632549047470093,0.38772172274547007,12.269477423445352,0.37497055530548096
347,0.8744489550590515,0.39391484890883194,12.459263749987382,0.3710022270679474
348,0.8769271969795227,0.4106275304578804,12.679518314831009,0.36908236145973206
349,0.9082210659980774,0.4219643342265093,12.779144631518154,0.357989639043808
350,0.9113647937774658,0.41781247596642107,12.741947475308063,0.35788822174072266
351,0.9150214195251465,0.4291597614415463,12.792327113332963,0.3566227853298187
352,0.9181164503097534,0.43060851230624003,12.834738984955461,0.35593119263648987
353,0.9257218837738037,0.43427559892146594,12.921610098277386,0.3516947031021118
354,0.9026443958282471,0.40898398477497855,13.388468174553878,0.3766095042228699
355,0.9024450182914734,0.3920493121694309,12.754425146500639,0.38550758361816406
356,0.893348217010498,0.37110152710982236,12.130276632558159,0.3974938690662384
357,0.8934211134910583,0.36895279297863176,12.053986074969156,0.3970336318016052
358,0.9169054627418518,0.3639847402163765,12.259512151670533,0.3946689963340759
359,0.9221939444541931,0.3572659605942596,12.47142435131172,0.38812199234962463
360,0.9134837985038757,0.3770527463587305,12.809431310873707,0.3835510313510895
361,0.9134268164634705,0.38700444410536333,13.048621506749233,0.3670523762702942
362,0.9032235741615295,0.3847502700670759,13.12739304668886,0.360318124294281
363,0.8897536993026733,0.40277330896008606,13.355069547783048,0.3535776138305664
364,0.900890588760376,0.41816666671357927,13.559878674791953,0.34172603487968445
365,0.9060323238372803,0.41288825110178684,13.606287852791647,0.3427991569042206
366,0.9074124693870544,0.44880420372495394,13.329753045553154,0.3797641396522522
367,0.8878125548362732,0.4298229011670083,12.548866167839098,0.396994024515152
368,0.8785555362701416,0.41135891476225295,11.903000123194003,0.4074346125125885
369,0.8866070508956909,0.4090083845456372,11.829148844678862,0.40803050994873047
370,0.8960423469543457,0.4088748101497652,11.943444406385183,0.40800392627716064
371,0.8748548030853271,0.40467433696424626,12.123504697875003,0.401643842458725
372,0.8589800596237183,0.40578780063501757,12.232097752746258,0.40484827756881714
373,0.8955488801002502,0.4040100436942362,12.317212161634954,0.39873915910720825
374,0.8997921943664551,0.39965563183234076,12.350926893647056,0.39587798714637756
375,0.9101699590682983,0.4070531987774446,12.467557481198778,0.39759641885757446
376,0.9089317321777344,0.41055573417832864,12.614109283829755,0.39385274052619934
377,0.8927557468414307,0.40718169624623474,12.668317245088655,0.3896014094352722
378,0.906811535358429,0.40131037558366384,12.985276847730994,0.40820080041885376
379,0.9075766801834106,0.3870534815828158,12.198926118962504,0.42368972301483154
380,0.911791980266571,0.37366947593271704,11.68089472358808,0.42972853779792786
381,0.9173015356063843,0.3711321537989524,11.627767531543899,0.4284057915210724
382,0.8992119431495667,0.3640335426626278,11.713413768537945,0.426190584897995
383,0.9134135246276855,0.36969989518454605,12.19597693533812,0.4116201400756836
384,0.920248806476593,0.38737727829262464,12.450390148685493,0.4087351858615875
385,0.9350405335426331,0.39446757354481293,12.665176859208099,0.3969706892967224
386,0.941125750541687,0.391204170187509,12.70421729937398,0.3924551010131836
387,0.9412599802017212,0.40487037374206986,12.889857981148815,0.3870154321193695
388,0.9274535179138184,0.4149786673397469,13.08025540340057,0.3799959719181061
389,0.9294161200523376,0.4089938514790141,13.149184712943248,0.3774920403957367
390,0.8713825941085815,0.44213686984601663,13.600897233909784,0.37314438819885254
391,0.8788126111030579,0.43077721531774954,12.89634971532279,0.3757971227169037
392,0.8673135042190552,0.4167203920692659,12.278492496067091,0.3841780424118042
393,0.8661236763000488,0.4164663060647736,12.259809841356144,0.38248342275619507
394,0.8695627450942993,0.4229164309264286,12.611956918485541,0.3716590106487274
395,0.8816134929656982,0.4318809267599438,13.021528083562321,0.35643380880355835
396,0.8958113193511963,0.4353026908613482,13.221473358294531,0.3620844781398773
397,0.8732074499130249,0.4428211917723501,13.40460634316132,0.3537939488887787
398,0.8905784487724304,0.4380793734248149,13.441018859659899,0.35237446427345276
399,0.8867656588554382,0.44645576549960664,13.504168072462326,0.35494279861450195
400,0.8952158689498901,0.44852618679165696,13.504879150183488,0.3517415523529053
401,0.8839911222457886,0.4505749783761012,13.558398650451466,0.35129544138908386
402,0.8897435069084167,0.3722980626296049,12.69528632615583,0.4096909761428833
403,0.8541908860206604,0.3569185548763967,11.655863718316674,0.42105889320373535
404,0.8317101001739502,0.342656094472565,11.052026789941078,0.42072853446006775
405,0.8464697599411011,0.3414243545890101,10.974476569351236,0.42234447598457336
406,0.8601385951042175,0.33516222725318895,11.101202669539488,0.4187379479408264
407,0.8883421421051025,0.32535822171080436,11.365790647923593,0.4150888919830322
408,0.8965637683868408,0.3487432749668316,11.644524230297822,0.4082809388637543
409,0.8761950731277466,0.3618935764444115,11.798439691067342,0.39830225706100464
410,0.8759948015213013,0.36225400902356464,11.809932722560939,0.3948217034339905
411,0.877059817314148,0.379513384670811,11.920116144864839,0.3882192075252533
412,0.8872073292732239,0.39427508249817333,12.055287218025615,0.38056784868240356
413,0.8849336504936218,0.39094999639614697,12.077127748687179,0.37835460901260376
414,0.881640613079071,0.3849870466598661,12.951877393050037,0.4276658296585083
415,0.8936048746109009,0.36778263575846815,12.155206481833435,0.4414416253566742
416,0.9003491401672363,0.3475623092439199,11.421819233543955,0.4499209225177765
417,0.9052666425704956,0.3450430551396386,11.342493071601671,0.45025551319122314
418,0.9125546813011169,0.3400620550274909,11.504107122033025,0.4481060206890106
419,0.9105805158615112,0.33464730088222866,11.744912482492456,0.442073255777359
420,0.9113670587539673,0.35417027543102647,11.948226211453264,0.43491971492767334
421,0.9078189730644226,0.3562252679015505,12.05658222745463,0.4235459268093109
422,0.8969888091087341,0.35364035541432187,12.008983025676978,0.4208567440509796
423,0.8934974670410156,0.3640834307276093,12.057592172047526,0.4184001386165619
424,0.8968685865402222,0.3765753849338534,12.13075248947665,0.41057294607162476
425,0.9180861711502075,0.37187384704676446,12.20571732824652,0.4065917134284973
426,0.8953168392181396,0.34496329553993665,11.783362473456943,0.4335353672504425
427,0.9087782502174377,0.3235798207811888,10.734741121888046,0.44519561529159546
428,0.9102824330329895,0.3028895549298288,9.846923087205967,0.45656025409698486
429,0.9076286554336548,0.3013562376439907,9.758537080013745,0.4557167589664459
430,0.8946541547775269,0.3004777209978487,10.075757029130884,0.45023927092552185
431,0.8768616318702698,0.29667967195576606,10.618216881629541,0.4339806139469147
432,0.8517952561378479,0.3146029783008431,10.986189967703934,0.4260745942592621
433,0.8516126275062561,0.32797728766784573,11.308159258577778,0.4096169173717499
434,0.8681927919387817,0.3322584124517803,11.522625341882133,0.4006303548812866
435,0.8761565685272217,0.3533697194862134,11.913086834980218,0.3956664502620697
436,0.8677473664283752,0.36694518494458145,12.215613421285685,0.39172402024269104
437,0.8852688074111938,0.37204476394138775,12.383735914629877,0.3911473751068115
438,0.8912236094474792,0.33718734982041676,12.344404059266985,0.4213387966156006
439,0.9020408987998962,0.3182651795770383,11.265433364126265,0.42709794640541077
440,0.8815454840660095,0.2842542347587203,10.264471180888343,0.4404083490371704
441,0.8940346240997314,0.2806986597768067,10.189809805838996,0.44028276205062866
442,0.8901565074920654,0.28735862316954636,10.629761622629069,0.4325665533542633
443,0.8921685814857483,0.30545245672554033,11.09598397681899,0.42289549112319946
444,0.8714014887809753,0.34885807088905896,11.531573124490835,0.4157906472682953
445,0.909075140953064,0.3614408983028959,11.771263761871156,0.40887340903282166
446,0.9128578305244446,0.36264888595935907,11.878843359688453,0.4023797810077667
447,0.9176381230354309,0.3773289984718144,11.999954213156872,0.3966731131076813
448,0.9256377816200256,0.39176055002775095,12.1487336260575,0.3864244222640991
449,0.9226466417312622,0.3900337736622075,12.208423219778643,0.3805442154407501
450,0.8651474714279175,0.42453327122973095,12.933712702484879,0.3826209306716919
451,0.8690730333328247,0.42089204437398337,12.309597694505241,0.38734251260757446
452,0.8738099336624146,0.4152116787808602,11.870943215284132,0.3917290270328522
453,0.8754801750183105,0.41473432360334117,11.80528615806754,0.391767680644989
454,0.8636488914489746,0.4140867356298523,12.010656765263779,0.38664132356643677
455,0.8661194443702698,0.41197220651717287,12.337909926804514,0.3820336163043976
456,0.8770964741706848,0.4185191501502557,12.613155614314609,0.38188037276268005
457,0.8641282320022583,0.42220123297887935,12.815562704960612,0.37358126044273376
458,0.8696393966674805,0.4169256320400719,12.90444062111292,0.3663784861564636
459,0.8602727055549622,0.42494243222658223,13.047290444081586,0.3652951717376709
460,0.890630304813385,0.4275696627685006,13.19768992293427,0.3596595823764801
461,0.8958556652069092,0.42398313259353165,13.266563819645256,0.35603827238082886
462,0.8501506447792053,0.402476354442377,13.744069555232327,0.387131929397583
463,0.8729107975959778,0.3807838377108798,12.923254019301122,0.3862859308719635
464,0.8734861612319946,0.36597406464783555,12.287709143230286,0.3945198059082031
465,0.8752997517585754,0.3628677437509071,12.192544751649912,0.39696675539016724
466,0.8881300091743469,0.36169364960646505,12.3821069533618,0.39180102944374084
467,0.9060405492782593,0.3588864700956355,12.81215540925466,0.3855772912502289
468,0.9133560061454773,0.37225259905153907,13.066226083570882,0.37898480892181396
469,0.9087303876876831,0.3847908829149258,13.281514421558144,0.3700653910636902
470,0.9137007594108582,0.3863631002956629,13.321801600103822,0.36228233575820923
471,0.8965754508972168,0.40456677099130745,13.46954692701736,0.35748952627182007
472,0.8959410190582275,0.40599520712712783,13.490843316013638,0.36118078231811523
473,0.9035088419914246,0.40031425137148274,13.516244671971238,0.3601555824279785
