current_end,ao_archive,bb_archive,ao_resident_ids,bb_resident_ids,ao_resident_exact,bb_resident_exact,source_frames,logical_evicted_expected,bb_logical_eligible,bb_eligibility_exact
4680,0,0,"[0, 1, 2]","[0, 1, 2]",True,True,3,0,0,True
9360,0,2,"[0, 1, 2, 3, 4, 5]","[0, 3, 4, 5]",True,True,6,0,0,True
14040,0,5,"[0, 1, 2, 3, 4, 5, 6, 7, 8]","[0, 6, 7, 8]",True,True,9,0,0,True
18720,0,8,"[0, 1, 2, 3, 4, 5, 6, 7, 8, 9, 10, 11]","[0, 9, 10, 11]",True,True,12,0,0,True
23400,0,11,"[0, 1, 2, 3, 4, 5, 6, 7, 8, 9, 10, 11, 12, 13, 14]","[0, 12, 13, 14]",True,True,15,0,0,True
28080,0,14,"[0, 1, 2, 3, 4, 5, 6, 7, 8, 9, 10, 11, 12, 13, 14, 15, 16, 17]","[0, 15, 16, 17]",True,True,18,0,0,True
32760,1,17,"[0, 2, 3, 4, 5, 6, 7, 8, 9, 10, 11, 12, 13, 14, 15, 16, 17, 18, 19, 20]","[0, 18, 19, 20]",True,True,21,1,1,True
37440,4,20,"[0, 5, 6, 7, 8, 9, 10, 11, 12, 13, 14, 15, 16, 17, 18, 19, 20, 21, 22, 23]","[0, 21, 22, 23]",True,True,24,4,4,True
42120,7,23,"[0, 8, 9, 10, 11, 12, 13, 14, 15, 16, 17, 18, 19, 20, 21, 22, 23, 24, 25, 26]","[0, 24, 25, 26]",True,True,27,7,7,True
46800,10,26,"[0, 11, 12, 13, 14, 15, 16, 17, 18, 19, 20, 21, 22, 23, 24, 25, 26, 27, 28, 29]","[0, 27, 28, 29]",True,True,30,10,10,True
